-- phpMyAdmin SQL Dump
-- version 4.2.12deb2+deb8u1build0.15.04.1
-- http://www.phpmyadmin.net
--
-- Host: localhost
-- Generation Time: Feb 16, 2016 at 11:38 AM
-- Server version: 5.6.28-0ubuntu0.15.04.1
-- PHP Version: 5.6.4-4ubuntu6.4

SET SQL_MODE = "NO_AUTO_VALUE_ON_ZERO";
SET time_zone = "+00:00";


/*!40101 SET @OLD_CHARACTER_SET_CLIENT=@@CHARACTER_SET_CLIENT */;
/*!40101 SET @OLD_CHARACTER_SET_RESULTS=@@CHARACTER_SET_RESULTS */;
/*!40101 SET @OLD_COLLATION_CONNECTION=@@COLLATION_CONNECTION */;
/*!40101 SET NAMES utf8 */;

--
-- Database: `msh_lab`
--

-- --------------------------------------------------------

--
-- Table structure for table `central_level_data`
--

CREATE TABLE IF NOT EXISTS `lab_central_level_data` (
`central_level_stock_id` int(25) NOT NULL,
  `supply_agency_id` int(25) NOT NULL,
  `commodity_id` varchar(25) NOT NULL,
  `period` varchar(25) NOT NULL,
  `soh_closing_balance` varchar(20) NOT NULL,
  `funding_agency_id` int(25) NOT NULL,
  `pending_stock_id` varchar(255) NOT NULL
) ENGINE=InnoDB AUTO_INCREMENT=61 DEFAULT CHARSET=latin1;

--
-- Dumping data for table `central_level_data`
--

INSERT INTO `lab_central_level_data` (`central_level_stock_id`, `supply_agency_id`, `commodity_id`, `period`, `soh_closing_balance`, `funding_agency_id`, `pending_stock_id`) VALUES
(46, 34, 'nNhisoZuTzR', '201507', '453345`', 5, ''),
(53, 4, 'iQvswzF7Zcr', '201507', '56', 4, ''),
(54, 34, 'MnMPmhXaWns', '201507', '3456321', 6, ''),
(56, 32, 'THefpTo9qAa', '201507', '700', 13, ''),
(57, 4, 'REDgTs0CyzY', '201507', '20', 1, ''),
(58, 5, 'fgGcpHh5Bl6', '201601', '569', 6, ''),
(59, 65, 'H3PiVz5cdlS', '201512', '400', 5, ''),
(60, 65, 'UDNKVH14KuC', '201509', '560', 5, '');

-- --------------------------------------------------------

--
-- Table structure for table `ci_sessions`
--

CREATE TABLE IF NOT EXISTS `ci_sessions` (
  `session_id` varchar(40) NOT NULL DEFAULT '0',
  `ip_address` varchar(45) NOT NULL DEFAULT '0',
  `user_agent` varchar(120) NOT NULL,
  `last_activity` int(10) unsigned NOT NULL DEFAULT '0',
  `user_data` text NOT NULL
) ENGINE=InnoDB DEFAULT CHARSET=latin1;

-- --------------------------------------------------------

--
-- Table structure for table `commodity_forecast_data`
--

CREATE TABLE IF NOT EXISTS `lab_commodity_forecast_data` (
`commodity_forecast_data_id` int(25) NOT NULL,
  `forecast_start_date` varchar(15) NOT NULL,
  `forecast_period` int(10) NOT NULL,
  `commodity_id` varchar(25) NOT NULL,
  `forecast_monthly_consumption` varchar(20) NOT NULL
) ENGINE=InnoDB AUTO_INCREMENT=10 DEFAULT CHARSET=latin1;

--
-- Dumping data for table `commodity_forecast_data`
--

INSERT INTO `lab_commodity_forecast_data` (`commodity_forecast_data_id`, `forecast_start_date`, `forecast_period`, `commodity_id`, `forecast_monthly_consumption`) VALUES
(5, '201507', 2, 'nNhisoZuTzR', '1245'),
(7, '201508', 5, 'H3PiVz5cdlS', '380'),
(8, '201510', 2, 'THefpTo9qAa', '600'),
(9, '201510', 2, 'MnMPmhXaWns', '700');

-- --------------------------------------------------------

--
-- Table structure for table `counties`
--

CREATE TABLE IF NOT EXISTS `counties` (
  `county_id` varchar(20) NOT NULL,
  `county_name` varchar(30) NOT NULL,
  `zone` varchar(20) NOT NULL,
  `comment` varchar(100) NOT NULL
) ENGINE=InnoDB DEFAULT CHARSET=latin1;

--
-- Dumping data for table `counties`
--

INSERT INTO `counties` (`county_id`, `county_name`, `zone`, `comment`) VALUES
('ahwTMNAJvrL', 'Muranga County', '', ''),
('BjC1xL40gHo', 'Kakamega County', '', ''),
('BoDytkJQ4Qi', 'Makueni County', '', ''),
('bzOfj0iwfDH', 'Isiolo County', '', ''),
('CeLsrJOH0g9', 'Wajir County', '', ''),
('Eey8fT4Im3y', 'Marsabit County', '', ''),
('fVra3Pwta0Q', 'Migori County', '', ''),
('HMNARUV2CW4', 'Bomet County', '4', ''),
('Hsk1YV8kHkT', 'Kajiado County', '', ''),
('ihZsJ8alvtb', 'Kericho County', '', ''),
('j8o6iO4Njsi', 'Kitui County', '', ''),
('jkG3zaihdSs', 'Nairobi County', '', ''),
('JsH2bnvNt2d', 'Tana River County', '', ''),
('KGHhQ5GLd4k', 'Bungoma County', '', ''),
('kphDeKClFch', 'Turkana County', '', ''),
('kqJ83J2D72s', 'Narok County', '', ''),
('MqnLxQBigG0', 'Elgeyo-Marakwet County', '', ''),
('mThvosEflAU', 'Trans-Nzoia County', '', ''),
('mYZacFNIB3h', 'Nyandarua County', '', ''),
('N7YETT3A9r1', 'Kwale County', '', ''),
('NjWSbQTwys4', 'Lamu County', '', ''),
('nK0A12Q7MvS', 'Homa Bay County', '', ''),
('nrI2khZx3d0', 'Kilifi County', '', ''),
('o36zCRjSd4G', 'Samburu County', '', ''),
('ob6SxuRcqU4', 'Nakuru County', '', ''),
('PFu8alU2KWG', 'Embu County', '', ''),
('ptWVfaCIdVx', 'Nyeri County', '', ''),
('pZqQRRW7PHP', 'Uasin Gishu County', '', ''),
('qKzosKQPl6G', 'Kiambu County', '', ''),
('QyGNX2DpR4h', 'Taita Taveta County', '', ''),
('R6f9znhg37c', 'Mandera County', '', ''),
('sANMZ3lpqGs', 'Vihiga County', '', ''),
('sPkRcDvhGWA', 'Kisii County', '', ''),
('t0J75eHKxz5', 'Nandi County', '', ''),
('T4urHM47nlm', 'Tharaka Nithi County', '', ''),
('tAbBVBbueqD', 'Kisumu County', '', ''),
('Tvf1zgVZ0K4', 'Busia County', '', ''),
('u4t9H8XyU9P', 'Siaya County', '', ''),
('uepLTG8wGWJ', 'Nyamira County', '', ''),
('Ulj33KBau7V', 'Kirinyaga County', '', ''),
('uyOrcHZBpW0', 'Garissa County', '', ''),
('vvOK1BxTbet', 'Baringo County', '', ''),
('wsBsC6gjHvn', 'Mombasa County', '', ''),
('xuFdFy6t9AH', 'Laikipia County', '', ''),
('XWALbfAPa6n', 'West Pokot County', '', ''),
('Y52XNJ50hYb', 'Meru County', '', ''),
('yhCUgGcCcOo', 'Machakos County', '--SELECT ZONE--', '');

-- --------------------------------------------------------

--
-- Table structure for table `county_level_data`
--

CREATE TABLE IF NOT EXISTS `lab_county_level_data` (
`county_drugs_id` int(11) NOT NULL,
  `county_id` varchar(50) NOT NULL,
  `drug_id` varchar(20) NOT NULL,
  `period` varchar(20) NOT NULL,
  `drug_category_id` varchar(20) NOT NULL,
  `drug_value` varchar(15) NOT NULL,
  `date` varchar(30) NOT NULL
) ENGINE=InnoDB AUTO_INCREMENT=7037 DEFAULT CHARSET=latin1;

--
-- Dumping data for table `county_level_data`
--

INSERT INTO `lab_county_level_data` (`county_drugs_id`, `county_id`, `drug_id`, `period`, `drug_category_id`, `drug_value`, `date`) VALUES
(4597, 'BjC1xL40gHo', 'nNhisoZuTzR', '201504', 'EJ8nUfcupBq', '300.0', ''),
(4598, 'BjC1xL40gHo', 'H3PiVz5cdlS', '201505', 'sL6cDCzo7h9', '84.0', ''),
(4599, 'BjC1xL40gHo', 'nNhisoZuTzR', '201503', 'EJ8nUfcupBq', '498.0', ''),
(4600, 'BjC1xL40gHo', 'H3PiVz5cdlS', '201503', 'sL6cDCzo7h9', '875.0', ''),
(4601, 'BjC1xL40gHo', 'H3PiVz5cdlS', '201504', 'sL6cDCzo7h9', '252.0', ''),
(4602, 'BjC1xL40gHo', 'nNhisoZuTzR', '201505', 'EJ8nUfcupBq', '7670.0', ''),
(4603, 'BjC1xL40gHo', 'H3PiVz5cdlS', '201505', 'MT1UWZvCVUQ', '160.0', ''),
(4604, 'BjC1xL40gHo', 'H3PiVz5cdlS', '201504', 'MT1UWZvCVUQ', '435.0', ''),
(4605, 'BjC1xL40gHo', 'H3PiVz5cdlS', '201503', 'MT1UWZvCVUQ', '1440.0', ''),
(4606, 'BjC1xL40gHo', 'THefpTo9qAa', '201503', 'HMJ9YZLMqo3', '16.0', ''),
(4607, 'BjC1xL40gHo', 'THefpTo9qAa', '201503', 'MT1UWZvCVUQ', '50.0', ''),
(4608, 'BjC1xL40gHo', 'H3PiVz5cdlS', '201503', 'jFOwIS0MEFZ', '3.0', ''),
(4609, 'BjC1xL40gHo', 'H3PiVz5cdlS', '201504', 'jFOwIS0MEFZ', '17.0', ''),
(4610, 'BjC1xL40gHo', 'MnMPmhXaWns', '201505', 'v0szLFkFN1L', '99.0', ''),
(4611, 'BjC1xL40gHo', 'H3PiVz5cdlS', '201505', 'jFOwIS0MEFZ', '99.0', ''),
(4612, 'BjC1xL40gHo', 'MnMPmhXaWns', '201503', 'v0szLFkFN1L', '119.0', ''),
(4613, 'BjC1xL40gHo', 'fgGcpHh5Bl6', '201503', 'qrh0ydN5iqx', '394.0', ''),
(4614, 'BjC1xL40gHo', 'nNhisoZuTzR', '201503', 'Kk3atPpSnCh', '461.0', ''),
(4615, 'BjC1xL40gHo', 'fgGcpHh5Bl6', '201504', 'qrh0ydN5iqx', '90.0', ''),
(4616, 'BjC1xL40gHo', 'fgGcpHh5Bl6', '201505', 'qrh0ydN5iqx', '93.0', ''),
(4617, 'BjC1xL40gHo', 'nNhisoZuTzR', '201504', 'Kk3atPpSnCh', '392.0', ''),
(4618, 'BjC1xL40gHo', 'nNhisoZuTzR', '201505', 'Kk3atPpSnCh', '734.0', ''),
(4619, 'BjC1xL40gHo', 'fgGcpHh5Bl6', '201503', 'Kk3atPpSnCh', '158.0', ''),
(4620, 'BjC1xL40gHo', 'nNhisoZuTzR', '201503', 'jFOwIS0MEFZ', '125.0', ''),
(4621, 'BjC1xL40gHo', 'nNhisoZuTzR', '201505', 'jFOwIS0MEFZ', '217.0', ''),
(4622, 'BjC1xL40gHo', 'nNhisoZuTzR', '201504', 'jFOwIS0MEFZ', '53.0', ''),
(4623, 'BjC1xL40gHo', 'fgGcpHh5Bl6', '201505', 'UbFZzGAky0H', '123.0', ''),
(4624, 'BjC1xL40gHo', 'fgGcpHh5Bl6', '201504', 'Kk3atPpSnCh', '60.0', ''),
(4625, 'BjC1xL40gHo', 'fgGcpHh5Bl6', '201503', 'UbFZzGAky0H', '225.0', ''),
(4626, 'BjC1xL40gHo', 'fgGcpHh5Bl6', '201504', 'UbFZzGAky0H', '71.0', ''),
(4627, 'BjC1xL40gHo', 'fgGcpHh5Bl6', '201505', 'jFOwIS0MEFZ', '99.0', ''),
(4628, 'BjC1xL40gHo', 'fgGcpHh5Bl6', '201504', 'jFOwIS0MEFZ', '19.0', ''),
(4629, 'BjC1xL40gHo', 'fgGcpHh5Bl6', '201503', 'jFOwIS0MEFZ', '61.0', ''),
(4630, 'BjC1xL40gHo', 'nNhisoZuTzR', '201503', 'HMJ9YZLMqo3', '20764.0', ''),
(4631, 'BjC1xL40gHo', 'nNhisoZuTzR', '201504', 'HMJ9YZLMqo3', '8204.0', ''),
(4632, 'BjC1xL40gHo', 'nNhisoZuTzR', '201505', 'MT1UWZvCVUQ', '15000.0', ''),
(4633, 'BjC1xL40gHo', 'nNhisoZuTzR', '201504', 'MT1UWZvCVUQ', '24350.0', ''),
(4634, 'BjC1xL40gHo', 'nNhisoZuTzR', '201505', 'HMJ9YZLMqo3', '4461.0', ''),
(4635, 'BjC1xL40gHo', 'nNhisoZuTzR', '201503', 'MT1UWZvCVUQ', '54585.0', ''),
(4636, 'BjC1xL40gHo', 'MnMPmhXaWns', '201504', 'MT1UWZvCVUQ', '154.0', ''),
(4637, 'BjC1xL40gHo', 'MnMPmhXaWns', '201503', 'MT1UWZvCVUQ', '2804.0', ''),
(4638, 'BjC1xL40gHo', 'MnMPmhXaWns', '201505', 'MT1UWZvCVUQ', '300.0', ''),
(4639, 'BjC1xL40gHo', 'nNhisoZuTzR', '201504', 'sL6cDCzo7h9', '254.0', ''),
(4640, 'BjC1xL40gHo', 'fgGcpHh5Bl6', '201503', 'LDmTsQdoXs5', '934.0', ''),
(4641, 'BjC1xL40gHo', 'MnMPmhXaWns', '201503', 'Kk3atPpSnCh', '61.0', ''),
(4642, 'BjC1xL40gHo', 'MnMPmhXaWns', '201505', 'HMJ9YZLMqo3', '99.0', ''),
(4643, 'BjC1xL40gHo', 'MnMPmhXaWns', '201503', 'HMJ9YZLMqo3', '56.0', ''),
(4644, 'BjC1xL40gHo', 'nNhisoZuTzR', '201503', 'sL6cDCzo7h9', '1315.0', ''),
(4645, 'BjC1xL40gHo', 'MnMPmhXaWns', '201504', 'Kk3atPpSnCh', '60.0', ''),
(4646, 'BjC1xL40gHo', 'fgGcpHh5Bl6', '201505', 'EJ8nUfcupBq', '460.0', ''),
(4647, 'BjC1xL40gHo', 'fgGcpHh5Bl6', '201504', 'EJ8nUfcupBq', '30.0', ''),
(4648, 'BjC1xL40gHo', 'fgGcpHh5Bl6', '201505', 'LDmTsQdoXs5', '109.0', ''),
(4649, 'BjC1xL40gHo', 'fgGcpHh5Bl6', '201504', 'LDmTsQdoXs5', '301.0', ''),
(4650, 'BjC1xL40gHo', 'fgGcpHh5Bl6', '201503', 'EJ8nUfcupBq', '50.0', ''),
(4651, 'BjC1xL40gHo', 'THefpTo9qAa', '201503', 'LDmTsQdoXs5', '16.0', ''),
(4652, 'BjC1xL40gHo', 'H3PiVz5cdlS', '201505', 'EJ8nUfcupBq', '371.0', ''),
(4653, 'BjC1xL40gHo', 'nNhisoZuTzR', '201505', 'ZxUQw1ay1cw', '11233.0', ''),
(4654, 'BjC1xL40gHo', 'H3PiVz5cdlS', '201503', 'EJ8nUfcupBq', '50.0', ''),
(4655, 'BjC1xL40gHo', 'MnMPmhXaWns', '201503', 'ZxUQw1ay1cw', '50.0', ''),
(4656, 'BjC1xL40gHo', 'nNhisoZuTzR', '201503', 'ZxUQw1ay1cw', '82275.0', ''),
(4657, 'BjC1xL40gHo', 'nNhisoZuTzR', '201504', 'ZxUQw1ay1cw', '21143.0', ''),
(4658, 'BjC1xL40gHo', 'fgGcpHh5Bl6', '201505', 'HMJ9YZLMqo3', '103.0', ''),
(4659, 'BjC1xL40gHo', 'H3PiVz5cdlS', '201504', 'ZxUQw1ay1cw', '2661.0', ''),
(4660, 'BjC1xL40gHo', 'H3PiVz5cdlS', '201505', 'ZxUQw1ay1cw', '1211.0', ''),
(4661, 'BjC1xL40gHo', 'H3PiVz5cdlS', '201503', 'ZxUQw1ay1cw', '5490.0', ''),
(4662, 'BjC1xL40gHo', 'H3PiVz5cdlS', '201505', 'LDmTsQdoXs5', '25.0', ''),
(4663, 'BjC1xL40gHo', 'fgGcpHh5Bl6', '201503', 'HMJ9YZLMqo3', '887.0', ''),
(4664, 'BjC1xL40gHo', 'H3PiVz5cdlS', '201504', 'LDmTsQdoXs5', '44.0', ''),
(4665, 'BjC1xL40gHo', 'fgGcpHh5Bl6', '201504', 'HMJ9YZLMqo3', '322.0', ''),
(4666, 'BjC1xL40gHo', 'H3PiVz5cdlS', '201503', 'LDmTsQdoXs5', '148.0', ''),
(4667, 'BjC1xL40gHo', 'H3PiVz5cdlS', '201503', 'qrh0ydN5iqx', '105.0', ''),
(4668, 'BjC1xL40gHo', 'H3PiVz5cdlS', '201504', 'qrh0ydN5iqx', '20.0', ''),
(4669, 'BjC1xL40gHo', 'H3PiVz5cdlS', '201505', 'qrh0ydN5iqx', '20.0', ''),
(4670, 'BjC1xL40gHo', 'nNhisoZuTzR', '201505', 'v0szLFkFN1L', '7235.0', ''),
(4671, 'BjC1xL40gHo', 'H3PiVz5cdlS', '201504', 'UbFZzGAky0H', '54.0', ''),
(4672, 'BjC1xL40gHo', 'H3PiVz5cdlS', '201505', 'UbFZzGAky0H', '80.0', ''),
(4673, 'BjC1xL40gHo', 'nNhisoZuTzR', '201503', 'v0szLFkFN1L', '102177.0', ''),
(4674, 'BjC1xL40gHo', 'nNhisoZuTzR', '201504', 'v0szLFkFN1L', '27659.0', ''),
(4675, 'BjC1xL40gHo', 'H3PiVz5cdlS', '201503', 'UbFZzGAky0H', '117.0', ''),
(4676, 'BjC1xL40gHo', 'fgGcpHh5Bl6', '201504', 'MT1UWZvCVUQ', '1315.0', ''),
(4677, 'BjC1xL40gHo', 'fgGcpHh5Bl6', '201503', 'MT1UWZvCVUQ', '4093.0', ''),
(4678, 'BjC1xL40gHo', 'fgGcpHh5Bl6', '201503', 'sL6cDCzo7h9', '769.0', ''),
(4679, 'BjC1xL40gHo', 'fgGcpHh5Bl6', '201504', 'v0szLFkFN1L', '6814.0', ''),
(4680, 'BjC1xL40gHo', 'fgGcpHh5Bl6', '201503', 'v0szLFkFN1L', '15165.0', ''),
(4681, 'BjC1xL40gHo', 'fgGcpHh5Bl6', '201505', 'v0szLFkFN1L', '2765.0', ''),
(4682, 'BjC1xL40gHo', 'fgGcpHh5Bl6', '201504', 'sL6cDCzo7h9', '322.0', ''),
(4683, 'BjC1xL40gHo', 'THefpTo9qAa', '201503', 'Kk3atPpSnCh', '9.0', ''),
(4684, 'BjC1xL40gHo', 'fgGcpHh5Bl6', '201505', 'sL6cDCzo7h9', '121.0', ''),
(4685, 'BjC1xL40gHo', 'H3PiVz5cdlS', '201503', 'v0szLFkFN1L', '5998.0', ''),
(4686, 'BjC1xL40gHo', 'nNhisoZuTzR', '201504', 'UbFZzGAky0H', '801.0', ''),
(4687, 'BjC1xL40gHo', 'H3PiVz5cdlS', '201505', 'v0szLFkFN1L', '1142.0', ''),
(4688, 'BjC1xL40gHo', 'nNhisoZuTzR', '201503', 'UbFZzGAky0H', '2679.0', ''),
(4689, 'BjC1xL40gHo', 'H3PiVz5cdlS', '201504', 'v0szLFkFN1L', '2724.0', ''),
(4690, 'BjC1xL40gHo', 'H3PiVz5cdlS', '201505', 'Kk3atPpSnCh', '20.0', ''),
(4691, 'BjC1xL40gHo', 'H3PiVz5cdlS', '201504', 'Kk3atPpSnCh', '74.0', ''),
(4692, 'BjC1xL40gHo', 'nNhisoZuTzR', '201505', 'UbFZzGAky0H', '1171.0', ''),
(4693, 'BjC1xL40gHo', 'H3PiVz5cdlS', '201503', 'Kk3atPpSnCh', '75.0', ''),
(4694, 'BjC1xL40gHo', 'THefpTo9qAa', '201503', 'v0szLFkFN1L', '16.0', ''),
(4695, 'BjC1xL40gHo', 'nNhisoZuTzR', '201503', 'qrh0ydN5iqx', '4511.0', ''),
(4696, 'BjC1xL40gHo', 'nNhisoZuTzR', '201504', 'qrh0ydN5iqx', '2345.0', ''),
(4697, 'BjC1xL40gHo', 'nNhisoZuTzR', '201505', 'qrh0ydN5iqx', '1923.0', ''),
(4698, 'BjC1xL40gHo', 'nNhisoZuTzR', '201505', 'LDmTsQdoXs5', '3941.0', ''),
(4699, 'BjC1xL40gHo', 'fgGcpHh5Bl6', '201505', 'ZxUQw1ay1cw', '2751.0', ''),
(4700, 'BjC1xL40gHo', 'nNhisoZuTzR', '201504', 'LDmTsQdoXs5', '7959.0', ''),
(4701, 'BjC1xL40gHo', 'fgGcpHh5Bl6', '201503', 'ZxUQw1ay1cw', '13933.0', ''),
(4702, 'BjC1xL40gHo', 'nNhisoZuTzR', '201503', 'LDmTsQdoXs5', '20654.0', ''),
(4703, 'BjC1xL40gHo', 'fgGcpHh5Bl6', '201504', 'ZxUQw1ay1cw', '6455.0', ''),
(4704, 'BjC1xL40gHo', 'fgGcpHh5Bl6', '201505', 'MT1UWZvCVUQ', '150.0', ''),
(4705, 'BjC1xL40gHo', 'MnMPmhXaWns', '201503', 'LDmTsQdoXs5', '22.0', ''),
(4706, 'BjC1xL40gHo', 'MnMPmhXaWns', '201504', 'LDmTsQdoXs5', '9.0', ''),
(4707, 'BjC1xL40gHo', 'MnMPmhXaWns', '201505', 'LDmTsQdoXs5', '99.0', ''),
(4708, 'BjC1xL40gHo', 'H3PiVz5cdlS', '201504', 'HMJ9YZLMqo3', '56.0', ''),
(4709, 'BjC1xL40gHo', 'H3PiVz5cdlS', '201505', 'HMJ9YZLMqo3', '59.0', ''),
(4710, 'BjC1xL40gHo', 'H3PiVz5cdlS', '201503', 'HMJ9YZLMqo3', '118.0', ''),
(4711, 'BoDytkJQ4Qi', 'H3PiVz5cdlS', '201505', 'sL6cDCzo7h9', '72.0', ''),
(4712, 'BoDytkJQ4Qi', 'nNhisoZuTzR', '201503', 'EJ8nUfcupBq', '5150.0', ''),
(4713, 'BoDytkJQ4Qi', 'H3PiVz5cdlS', '201503', 'sL6cDCzo7h9', '57.0', ''),
(4714, 'BoDytkJQ4Qi', 'fgGcpHh5Bl6', '201505', 'HMJ9YZLMqo3', '87.0', ''),
(4715, 'BoDytkJQ4Qi', 'H3PiVz5cdlS', '201505', 'ZxUQw1ay1cw', '950.0', ''),
(4716, 'BoDytkJQ4Qi', 'H3PiVz5cdlS', '201503', 'ZxUQw1ay1cw', '1108.0', ''),
(4717, 'BoDytkJQ4Qi', 'H3PiVz5cdlS', '201505', 'LDmTsQdoXs5', '4.0', ''),
(4718, 'BoDytkJQ4Qi', 'fgGcpHh5Bl6', '201503', 'HMJ9YZLMqo3', '85.0', ''),
(4719, 'BoDytkJQ4Qi', 'H3PiVz5cdlS', '201505', 'MT1UWZvCVUQ', '160.0', ''),
(4720, 'BoDytkJQ4Qi', 'H3PiVz5cdlS', '201503', 'LDmTsQdoXs5', '8.0', ''),
(4721, 'BoDytkJQ4Qi', 'H3PiVz5cdlS', '201503', 'qrh0ydN5iqx', '20.0', ''),
(4722, 'BoDytkJQ4Qi', 'MnMPmhXaWns', '201503', 'EJ8nUfcupBq', '900.0', ''),
(4723, 'BoDytkJQ4Qi', 'nNhisoZuTzR', '201505', 'v0szLFkFN1L', '21700.0', ''),
(4724, 'BoDytkJQ4Qi', 'H3PiVz5cdlS', '201505', 'UbFZzGAky0H', '40.0', ''),
(4725, 'BoDytkJQ4Qi', 'nNhisoZuTzR', '201503', 'v0szLFkFN1L', '21989.0', ''),
(4726, 'BoDytkJQ4Qi', 'THefpTo9qAa', '201505', 'MT1UWZvCVUQ', '100.0', ''),
(4727, 'BoDytkJQ4Qi', 'MnMPmhXaWns', '201505', 'v0szLFkFN1L', '848.0', ''),
(4728, 'BoDytkJQ4Qi', 'H3PiVz5cdlS', '201505', 'jFOwIS0MEFZ', '79.0', ''),
(4729, 'BoDytkJQ4Qi', 'MnMPmhXaWns', '201503', 'v0szLFkFN1L', '625.0', ''),
(4730, 'BoDytkJQ4Qi', 'fgGcpHh5Bl6', '201503', 'qrh0ydN5iqx', '90.0', ''),
(4731, 'BoDytkJQ4Qi', 'fgGcpHh5Bl6', '201505', 'qrh0ydN5iqx', '90.0', ''),
(4732, 'BoDytkJQ4Qi', 'fgGcpHh5Bl6', '201503', 'v0szLFkFN1L', '2787.0', ''),
(4733, 'BoDytkJQ4Qi', 'fgGcpHh5Bl6', '201505', 'v0szLFkFN1L', '2877.0', ''),
(4734, 'BoDytkJQ4Qi', 'fgGcpHh5Bl6', '201505', 'sL6cDCzo7h9', '177.0', ''),
(4735, 'BoDytkJQ4Qi', 'nNhisoZuTzR', '201503', 'jFOwIS0MEFZ', '3.0', ''),
(4736, 'BoDytkJQ4Qi', 'fgGcpHh5Bl6', '201505', 'UbFZzGAky0H', '30.0', ''),
(4737, 'BoDytkJQ4Qi', 'fgGcpHh5Bl6', '201503', 'UbFZzGAky0H', '4.0', ''),
(4738, 'BoDytkJQ4Qi', 'H3PiVz5cdlS', '201503', 'v0szLFkFN1L', '956.0', ''),
(4739, 'BoDytkJQ4Qi', 'H3PiVz5cdlS', '201505', 'v0szLFkFN1L', '1177.0', ''),
(4740, 'BoDytkJQ4Qi', 'nNhisoZuTzR', '201503', 'UbFZzGAky0H', '100.0', ''),
(4741, 'BoDytkJQ4Qi', 'nNhisoZuTzR', '201505', 'UbFZzGAky0H', '1400.0', ''),
(4742, 'BoDytkJQ4Qi', 'nNhisoZuTzR', '201503', 'HMJ9YZLMqo3', '2121.0', ''),
(4743, 'BoDytkJQ4Qi', 'nNhisoZuTzR', '201505', 'MT1UWZvCVUQ', '12000.0', ''),
(4744, 'BoDytkJQ4Qi', 'nNhisoZuTzR', '201505', 'HMJ9YZLMqo3', '5010.0', ''),
(4745, 'BoDytkJQ4Qi', 'MnMPmhXaWns', '201503', 'MT1UWZvCVUQ', '50.0', ''),
(4746, 'BoDytkJQ4Qi', 'nNhisoZuTzR', '201503', 'qrh0ydN5iqx', '750.0', ''),
(4747, 'BoDytkJQ4Qi', 'MnMPmhXaWns', '201505', 'MT1UWZvCVUQ', '1080.0', ''),
(4748, 'BoDytkJQ4Qi', 'fgGcpHh5Bl6', '201503', 'LDmTsQdoXs5', '85.0', ''),
(4749, 'BoDytkJQ4Qi', 'nNhisoZuTzR', '201505', 'qrh0ydN5iqx', '350.0', ''),
(4750, 'BoDytkJQ4Qi', 'MnMPmhXaWns', '201505', 'HMJ9YZLMqo3', '207.0', ''),
(4751, 'BoDytkJQ4Qi', 'nNhisoZuTzR', '201505', 'sL6cDCzo7h9', '636.0', ''),
(4752, 'BoDytkJQ4Qi', 'MnMPmhXaWns', '201503', 'HMJ9YZLMqo3', '267.0', ''),
(4753, 'BoDytkJQ4Qi', 'nNhisoZuTzR', '201503', 'sL6cDCzo7h9', '262.0', ''),
(4754, 'BoDytkJQ4Qi', 'fgGcpHh5Bl6', '201505', 'EJ8nUfcupBq', '30.0', ''),
(4755, 'BoDytkJQ4Qi', 'fgGcpHh5Bl6', '201505', 'LDmTsQdoXs5', '89.0', ''),
(4756, 'BoDytkJQ4Qi', 'fgGcpHh5Bl6', '201503', 'EJ8nUfcupBq', '270.0', ''),
(4757, 'BoDytkJQ4Qi', 'nNhisoZuTzR', '201505', 'LDmTsQdoXs5', '4013.0', ''),
(4758, 'BoDytkJQ4Qi', 'fgGcpHh5Bl6', '201505', 'ZxUQw1ay1cw', '2731.0', ''),
(4759, 'BoDytkJQ4Qi', 'fgGcpHh5Bl6', '201503', 'ZxUQw1ay1cw', '2958.0', ''),
(4760, 'BoDytkJQ4Qi', 'nNhisoZuTzR', '201503', 'LDmTsQdoXs5', '2065.0', ''),
(4761, 'BoDytkJQ4Qi', 'fgGcpHh5Bl6', '201505', 'MT1UWZvCVUQ', '1100.0', ''),
(4762, 'BoDytkJQ4Qi', 'H3PiVz5cdlS', '201505', 'EJ8nUfcupBq', '20.0', ''),
(4763, 'BoDytkJQ4Qi', 'nNhisoZuTzR', '201505', 'ZxUQw1ay1cw', '16634.0', ''),
(4764, 'BoDytkJQ4Qi', 'H3PiVz5cdlS', '201503', 'EJ8nUfcupBq', '160.0', ''),
(4765, 'BoDytkJQ4Qi', 'MnMPmhXaWns', '201503', 'ZxUQw1ay1cw', '1258.0', ''),
(4766, 'BoDytkJQ4Qi', 'nNhisoZuTzR', '201503', 'ZxUQw1ay1cw', '25665.0', ''),
(4767, 'BoDytkJQ4Qi', 'MnMPmhXaWns', '201505', 'ZxUQw1ay1cw', '634.0', ''),
(4768, 'BoDytkJQ4Qi', 'MnMPmhXaWns', '201503', 'LDmTsQdoXs5', '267.0', ''),
(4769, 'BoDytkJQ4Qi', 'MnMPmhXaWns', '201505', 'LDmTsQdoXs5', '211.0', ''),
(4770, 'BoDytkJQ4Qi', 'H3PiVz5cdlS', '201505', 'HMJ9YZLMqo3', '3.0', ''),
(4771, 'BoDytkJQ4Qi', 'H3PiVz5cdlS', '201503', 'HMJ9YZLMqo3', '8.0', ''),
(4772, 'bzOfj0iwfDH', 'nNhisoZuTzR', '201504', 'EJ8nUfcupBq', '200.0', ''),
(4773, 'bzOfj0iwfDH', 'H3PiVz5cdlS', '201503', 'sL6cDCzo7h9', '77.0', ''),
(4774, 'bzOfj0iwfDH', 'H3PiVz5cdlS', '201504', 'sL6cDCzo7h9', '77.0', ''),
(4775, 'bzOfj0iwfDH', 'H3PiVz5cdlS', '201504', 'ZxUQw1ay1cw', '146.0', ''),
(4776, 'bzOfj0iwfDH', 'H3PiVz5cdlS', '201503', 'ZxUQw1ay1cw', '156.0', ''),
(4777, 'bzOfj0iwfDH', 'fgGcpHh5Bl6', '201503', 'HMJ9YZLMqo3', '7.0', ''),
(4778, 'bzOfj0iwfDH', 'fgGcpHh5Bl6', '201504', 'HMJ9YZLMqo3', '3.0', ''),
(4779, 'bzOfj0iwfDH', 'H3PiVz5cdlS', '201504', 'MT1UWZvCVUQ', '180.0', ''),
(4780, 'bzOfj0iwfDH', 'H3PiVz5cdlS', '201503', 'LDmTsQdoXs5', '1.0', ''),
(4781, 'bzOfj0iwfDH', 'H3PiVz5cdlS', '201503', 'MT1UWZvCVUQ', '60.0', ''),
(4782, 'bzOfj0iwfDH', 'nNhisoZuTzR', '201503', 'HMJ9YZLMqo3', '125.0', ''),
(4783, 'bzOfj0iwfDH', 'nNhisoZuTzR', '201504', 'HMJ9YZLMqo3', '165.0', ''),
(4784, 'bzOfj0iwfDH', 'nNhisoZuTzR', '201504', 'MT1UWZvCVUQ', '2700.0', ''),
(4785, 'bzOfj0iwfDH', 'nNhisoZuTzR', '201503', 'v0szLFkFN1L', '2057.0', ''),
(4786, 'bzOfj0iwfDH', 'nNhisoZuTzR', '201503', 'MT1UWZvCVUQ', '800.0', ''),
(4787, 'bzOfj0iwfDH', 'nNhisoZuTzR', '201504', 'v0szLFkFN1L', '1932.0', ''),
(4788, 'bzOfj0iwfDH', 'fgGcpHh5Bl6', '201504', 'MT1UWZvCVUQ', '420.0', ''),
(4789, 'bzOfj0iwfDH', 'nNhisoZuTzR', '201504', 'sL6cDCzo7h9', '88.0', ''),
(4790, 'bzOfj0iwfDH', 'fgGcpHh5Bl6', '201503', 'LDmTsQdoXs5', '7.0', ''),
(4791, 'bzOfj0iwfDH', 'fgGcpHh5Bl6', '201503', 'MT1UWZvCVUQ', '370.0', ''),
(4792, 'bzOfj0iwfDH', 'MnMPmhXaWns', '201503', 'v0szLFkFN1L', '50.0', ''),
(4793, 'bzOfj0iwfDH', 'fgGcpHh5Bl6', '201504', 'EJ8nUfcupBq', '30.0', ''),
(4794, 'bzOfj0iwfDH', 'fgGcpHh5Bl6', '201504', 'LDmTsQdoXs5', '3.0', ''),
(4795, 'bzOfj0iwfDH', 'nNhisoZuTzR', '201503', 'Kk3atPpSnCh', '93.0', ''),
(4796, 'bzOfj0iwfDH', 'nNhisoZuTzR', '201504', 'LDmTsQdoXs5', '165.0', ''),
(4797, 'bzOfj0iwfDH', 'nNhisoZuTzR', '201504', 'Kk3atPpSnCh', '100.0', ''),
(4798, 'bzOfj0iwfDH', 'fgGcpHh5Bl6', '201503', 'ZxUQw1ay1cw', '190.0', ''),
(4799, 'bzOfj0iwfDH', 'nNhisoZuTzR', '201503', 'LDmTsQdoXs5', '125.0', ''),
(4800, 'bzOfj0iwfDH', 'fgGcpHh5Bl6', '201504', 'ZxUQw1ay1cw', '146.0', ''),
(4801, 'bzOfj0iwfDH', 'fgGcpHh5Bl6', '201504', 'v0szLFkFN1L', '119.0', ''),
(4802, 'bzOfj0iwfDH', 'MnMPmhXaWns', '201503', 'ZxUQw1ay1cw', '50.0', ''),
(4803, 'bzOfj0iwfDH', 'fgGcpHh5Bl6', '201503', 'Kk3atPpSnCh', '31.0', ''),
(4804, 'bzOfj0iwfDH', 'fgGcpHh5Bl6', '201503', 'v0szLFkFN1L', '197.0', ''),
(4805, 'bzOfj0iwfDH', 'nNhisoZuTzR', '201503', 'ZxUQw1ay1cw', '1932.0', ''),
(4806, 'bzOfj0iwfDH', 'nNhisoZuTzR', '201504', 'ZxUQw1ay1cw', '155416.0', ''),
(4807, 'bzOfj0iwfDH', 'fgGcpHh5Bl6', '201504', 'sL6cDCzo7h9', '20.0', ''),
(4808, 'bzOfj0iwfDH', 'fgGcpHh5Bl6', '201504', 'Kk3atPpSnCh', '60.0', ''),
(4809, 'bzOfj0iwfDH', 'H3PiVz5cdlS', '201503', 'v0szLFkFN1L', '182.0', ''),
(4810, 'bzOfj0iwfDH', 'H3PiVz5cdlS', '201504', 'v0szLFkFN1L', '146.0', ''),
(4811, 'bzOfj0iwfDH', 'H3PiVz5cdlS', '201503', 'HMJ9YZLMqo3', '1.0', ''),
(4812, 'Eey8fT4Im3y', 'MnMPmhXaWns', '201505', 'HMJ9YZLMqo3', '10.0', ''),
(4813, 'Eey8fT4Im3y', 'MnMPmhXaWns', '201505', 'v0szLFkFN1L', '67.0', ''),
(4814, 'Eey8fT4Im3y', 'MnMPmhXaWns', '201505', 'EJ8nUfcupBq', '50.0', ''),
(4815, 'Eey8fT4Im3y', 'MnMPmhXaWns', '201504', 'v0szLFkFN1L', '20.0', ''),
(4816, 'Eey8fT4Im3y', 'MnMPmhXaWns', '201504', 'HMJ9YZLMqo3', '3.0', ''),
(4817, 'Eey8fT4Im3y', 'MnMPmhXaWns', '201504', 'ZxUQw1ay1cw', '67.0', ''),
(4818, 'Eey8fT4Im3y', 'MnMPmhXaWns', '201504', 'qrh0ydN5iqx', '1.0', ''),
(4819, 'Eey8fT4Im3y', 'MnMPmhXaWns', '201504', 'EJ8nUfcupBq', '50.0', ''),
(4820, 'Eey8fT4Im3y', 'MnMPmhXaWns', '201504', 'LDmTsQdoXs5', '3.0', ''),
(4821, 'Eey8fT4Im3y', 'MnMPmhXaWns', '201505', 'LDmTsQdoXs5', '10.0', ''),
(4822, 'fVra3Pwta0Q', 'nNhisoZuTzR', '201504', 'EJ8nUfcupBq', '2282.0', ''),
(4823, 'fVra3Pwta0Q', 'H3PiVz5cdlS', '201505', 'sL6cDCzo7h9', '20.0', ''),
(4824, 'fVra3Pwta0Q', 'nNhisoZuTzR', '201503', 'EJ8nUfcupBq', '9099.0', ''),
(4825, 'fVra3Pwta0Q', 'H3PiVz5cdlS', '201503', 'sL6cDCzo7h9', '161.0', ''),
(4826, 'fVra3Pwta0Q', 'H3PiVz5cdlS', '201504', 'sL6cDCzo7h9', '88.0', ''),
(4827, 'fVra3Pwta0Q', 'nNhisoZuTzR', '201505', 'EJ8nUfcupBq', '3785.0', ''),
(4828, 'fVra3Pwta0Q', 'H3PiVz5cdlS', '201505', 'MT1UWZvCVUQ', '540.0', ''),
(4829, 'fVra3Pwta0Q', 'H3PiVz5cdlS', '201504', 'MT1UWZvCVUQ', '310.0', ''),
(4830, 'fVra3Pwta0Q', 'H3PiVz5cdlS', '201503', 'MT1UWZvCVUQ', '1488.0', ''),
(4831, 'fVra3Pwta0Q', 'THefpTo9qAa', '201503', 'HMJ9YZLMqo3', '4.0', ''),
(4832, 'fVra3Pwta0Q', 'H3PiVz5cdlS', '201504', 'jFOwIS0MEFZ', '8.0', ''),
(4833, 'fVra3Pwta0Q', 'MnMPmhXaWns', '201505', 'v0szLFkFN1L', '10.0', ''),
(4834, 'fVra3Pwta0Q', 'MnMPmhXaWns', '201503', 'v0szLFkFN1L', '638.0', ''),
(4835, 'fVra3Pwta0Q', 'fgGcpHh5Bl6', '201503', 'qrh0ydN5iqx', '448.0', ''),
(4836, 'fVra3Pwta0Q', 'nNhisoZuTzR', '201503', 'Kk3atPpSnCh', '30.0', ''),
(4837, 'fVra3Pwta0Q', 'fgGcpHh5Bl6', '201505', 'qrh0ydN5iqx', '60.0', ''),
(4838, 'fVra3Pwta0Q', 'nNhisoZuTzR', '201505', 'Kk3atPpSnCh', '77.0', ''),
(4839, 'fVra3Pwta0Q', 'fgGcpHh5Bl6', '201503', 'Kk3atPpSnCh', '32.0', ''),
(4840, 'fVra3Pwta0Q', 'nNhisoZuTzR', '201503', 'jFOwIS0MEFZ', '520.0', ''),
(4841, 'fVra3Pwta0Q', 'nNhisoZuTzR', '201505', 'jFOwIS0MEFZ', '47.0', ''),
(4842, 'fVra3Pwta0Q', 'nNhisoZuTzR', '201504', 'jFOwIS0MEFZ', '24.0', ''),
(4843, 'fVra3Pwta0Q', 'fgGcpHh5Bl6', '201504', 'Kk3atPpSnCh', '24.0', ''),
(4844, 'fVra3Pwta0Q', 'fgGcpHh5Bl6', '201505', 'Kk3atPpSnCh', '52.0', ''),
(4845, 'fVra3Pwta0Q', 'fgGcpHh5Bl6', '201503', 'UbFZzGAky0H', '441.0', ''),
(4846, 'fVra3Pwta0Q', 'fgGcpHh5Bl6', '201504', 'UbFZzGAky0H', '794.0', ''),
(4847, 'fVra3Pwta0Q', 'fgGcpHh5Bl6', '201505', 'jFOwIS0MEFZ', '39.0', ''),
(4848, 'fVra3Pwta0Q', 'fgGcpHh5Bl6', '201504', 'jFOwIS0MEFZ', '4.0', ''),
(4849, 'fVra3Pwta0Q', 'fgGcpHh5Bl6', '201503', 'jFOwIS0MEFZ', '33.0', ''),
(4850, 'fVra3Pwta0Q', 'nNhisoZuTzR', '201503', 'HMJ9YZLMqo3', '35132.0', ''),
(4851, 'fVra3Pwta0Q', 'nNhisoZuTzR', '201504', 'HMJ9YZLMqo3', '13688.0', ''),
(4852, 'fVra3Pwta0Q', 'nNhisoZuTzR', '201505', 'MT1UWZvCVUQ', '3500.0', ''),
(4853, 'fVra3Pwta0Q', 'nNhisoZuTzR', '201504', 'MT1UWZvCVUQ', '27680.0', ''),
(4854, 'fVra3Pwta0Q', 'nNhisoZuTzR', '201505', 'HMJ9YZLMqo3', '1522.0', ''),
(4855, 'fVra3Pwta0Q', 'nNhisoZuTzR', '201503', 'MT1UWZvCVUQ', '33188.0', ''),
(4856, 'fVra3Pwta0Q', 'MnMPmhXaWns', '201503', 'MT1UWZvCVUQ', '430.0', ''),
(4857, 'fVra3Pwta0Q', 'MnMPmhXaWns', '201505', 'MT1UWZvCVUQ', '101.0', ''),
(4858, 'fVra3Pwta0Q', 'fgGcpHh5Bl6', '201503', 'LDmTsQdoXs5', '1252.0', ''),
(4859, 'fVra3Pwta0Q', 'nNhisoZuTzR', '201504', 'sL6cDCzo7h9', '95.0', ''),
(4860, 'fVra3Pwta0Q', 'MnMPmhXaWns', '201505', 'HMJ9YZLMqo3', '10.0', ''),
(4861, 'fVra3Pwta0Q', 'nNhisoZuTzR', '201505', 'sL6cDCzo7h9', '1111.0', ''),
(4862, 'fVra3Pwta0Q', 'MnMPmhXaWns', '201503', 'HMJ9YZLMqo3', '214.0', ''),
(4863, 'fVra3Pwta0Q', 'nNhisoZuTzR', '201503', 'sL6cDCzo7h9', '4805.0', ''),
(4864, 'fVra3Pwta0Q', 'fgGcpHh5Bl6', '201505', 'EJ8nUfcupBq', '428.0', ''),
(4865, 'fVra3Pwta0Q', 'fgGcpHh5Bl6', '201505', 'LDmTsQdoXs5', '68.0', ''),
(4866, 'fVra3Pwta0Q', 'fgGcpHh5Bl6', '201504', 'EJ8nUfcupBq', '85.0', ''),
(4867, 'fVra3Pwta0Q', 'fgGcpHh5Bl6', '201504', 'LDmTsQdoXs5', '483.0', ''),
(4868, 'fVra3Pwta0Q', 'fgGcpHh5Bl6', '201503', 'EJ8nUfcupBq', '460.0', ''),
(4869, 'fVra3Pwta0Q', 'THefpTo9qAa', '201503', 'LDmTsQdoXs5', '4.0', ''),
(4870, 'fVra3Pwta0Q', 'H3PiVz5cdlS', '201505', 'EJ8nUfcupBq', '100.0', ''),
(4871, 'fVra3Pwta0Q', 'nNhisoZuTzR', '201505', 'ZxUQw1ay1cw', '3488.0', ''),
(4872, 'fVra3Pwta0Q', 'H3PiVz5cdlS', '201503', 'EJ8nUfcupBq', '22.0', ''),
(4873, 'fVra3Pwta0Q', 'MnMPmhXaWns', '201503', 'ZxUQw1ay1cw', '438.0', ''),
(4874, 'fVra3Pwta0Q', 'nNhisoZuTzR', '201503', 'ZxUQw1ay1cw', '74933.0', ''),
(4875, 'fVra3Pwta0Q', 'nNhisoZuTzR', '201504', 'ZxUQw1ay1cw', '12563.0', ''),
(4876, 'fVra3Pwta0Q', 'fgGcpHh5Bl6', '201505', 'HMJ9YZLMqo3', '65.0', ''),
(4877, 'fVra3Pwta0Q', 'H3PiVz5cdlS', '201504', 'ZxUQw1ay1cw', '971.0', ''),
(4878, 'fVra3Pwta0Q', 'H3PiVz5cdlS', '201505', 'ZxUQw1ay1cw', '231.0', ''),
(4879, 'fVra3Pwta0Q', 'H3PiVz5cdlS', '201503', 'ZxUQw1ay1cw', '2990.0', ''),
(4880, 'fVra3Pwta0Q', 'H3PiVz5cdlS', '201505', 'LDmTsQdoXs5', '3.0', ''),
(4881, 'fVra3Pwta0Q', 'fgGcpHh5Bl6', '201503', 'HMJ9YZLMqo3', '1358.0', ''),
(4882, 'fVra3Pwta0Q', 'H3PiVz5cdlS', '201504', 'LDmTsQdoXs5', '73.0', ''),
(4883, 'fVra3Pwta0Q', 'fgGcpHh5Bl6', '201504', 'HMJ9YZLMqo3', '502.0', ''),
(4884, 'fVra3Pwta0Q', 'H3PiVz5cdlS', '201503', 'LDmTsQdoXs5', '381.0', ''),
(4885, 'fVra3Pwta0Q', 'H3PiVz5cdlS', '201503', 'qrh0ydN5iqx', '364.0', ''),
(4886, 'fVra3Pwta0Q', 'H3PiVz5cdlS', '201504', 'qrh0ydN5iqx', '20.0', ''),
(4887, 'fVra3Pwta0Q', 'MnMPmhXaWns', '201503', 'EJ8nUfcupBq', '54.0', ''),
(4888, 'fVra3Pwta0Q', 'nNhisoZuTzR', '201505', 'v0szLFkFN1L', '1520.0', ''),
(4889, 'fVra3Pwta0Q', 'H3PiVz5cdlS', '201504', 'UbFZzGAky0H', '20.0', ''),
(4890, 'fVra3Pwta0Q', 'H3PiVz5cdlS', '201505', 'UbFZzGAky0H', '122.0', ''),
(4891, 'fVra3Pwta0Q', 'nNhisoZuTzR', '201503', 'v0szLFkFN1L', '100010.0', ''),
(4892, 'fVra3Pwta0Q', 'nNhisoZuTzR', '201504', 'v0szLFkFN1L', '28482.0', ''),
(4893, 'fVra3Pwta0Q', 'H3PiVz5cdlS', '201503', 'UbFZzGAky0H', '194.0', ''),
(4894, 'fVra3Pwta0Q', 'fgGcpHh5Bl6', '201504', 'MT1UWZvCVUQ', '1190.0', ''),
(4895, 'fVra3Pwta0Q', 'fgGcpHh5Bl6', '201503', 'MT1UWZvCVUQ', '4965.0', ''),
(4896, 'fVra3Pwta0Q', 'fgGcpHh5Bl6', '201503', 'sL6cDCzo7h9', '284.0', ''),
(4897, 'fVra3Pwta0Q', 'fgGcpHh5Bl6', '201504', 'v0szLFkFN1L', '4154.0', ''),
(4898, 'fVra3Pwta0Q', 'fgGcpHh5Bl6', '201503', 'v0szLFkFN1L', '12253.0', ''),
(4899, 'fVra3Pwta0Q', 'fgGcpHh5Bl6', '201505', 'v0szLFkFN1L', '378.0', ''),
(4900, 'fVra3Pwta0Q', 'fgGcpHh5Bl6', '201504', 'sL6cDCzo7h9', '68.0', ''),
(4901, 'fVra3Pwta0Q', 'fgGcpHh5Bl6', '201505', 'sL6cDCzo7h9', '157.0', ''),
(4902, 'fVra3Pwta0Q', 'THefpTo9qAa', '201503', 'UbFZzGAky0H', '20.0', ''),
(4903, 'fVra3Pwta0Q', 'H3PiVz5cdlS', '201503', 'v0szLFkFN1L', '3602.0', ''),
(4904, 'fVra3Pwta0Q', 'nNhisoZuTzR', '201504', 'UbFZzGAky0H', '3396.0', ''),
(4905, 'fVra3Pwta0Q', 'H3PiVz5cdlS', '201505', 'v0szLFkFN1L', '110.0', ''),
(4906, 'fVra3Pwta0Q', 'nNhisoZuTzR', '201503', 'UbFZzGAky0H', '7394.0', ''),
(4907, 'fVra3Pwta0Q', 'H3PiVz5cdlS', '201504', 'v0szLFkFN1L', '1246.0', ''),
(4908, 'fVra3Pwta0Q', 'H3PiVz5cdlS', '201505', 'Kk3atPpSnCh', '84.0', ''),
(4909, 'fVra3Pwta0Q', 'nNhisoZuTzR', '201505', 'UbFZzGAky0H', '350.0', ''),
(4910, 'fVra3Pwta0Q', 'H3PiVz5cdlS', '201503', 'Kk3atPpSnCh', '60.0', ''),
(4911, 'fVra3Pwta0Q', 'THefpTo9qAa', '201503', 'v0szLFkFN1L', '60.0', ''),
(4912, 'fVra3Pwta0Q', 'nNhisoZuTzR', '201503', 'qrh0ydN5iqx', '13229.0', ''),
(4913, 'fVra3Pwta0Q', 'nNhisoZuTzR', '201504', 'qrh0ydN5iqx', '950.0', ''),
(4914, 'fVra3Pwta0Q', 'nNhisoZuTzR', '201505', 'qrh0ydN5iqx', '425.0', ''),
(4915, 'fVra3Pwta0Q', 'nNhisoZuTzR', '201505', 'LDmTsQdoXs5', '1251.0', ''),
(4916, 'fVra3Pwta0Q', 'fgGcpHh5Bl6', '201505', 'ZxUQw1ay1cw', '618.0', ''),
(4917, 'fVra3Pwta0Q', 'nNhisoZuTzR', '201504', 'LDmTsQdoXs5', '13826.0', ''),
(4918, 'fVra3Pwta0Q', 'fgGcpHh5Bl6', '201503', 'ZxUQw1ay1cw', '10434.0', ''),
(4919, 'fVra3Pwta0Q', 'nNhisoZuTzR', '201503', 'LDmTsQdoXs5', '35695.0', ''),
(4920, 'fVra3Pwta0Q', 'fgGcpHh5Bl6', '201504', 'ZxUQw1ay1cw', '2667.0', ''),
(4921, 'fVra3Pwta0Q', 'fgGcpHh5Bl6', '201505', 'MT1UWZvCVUQ', '720.0', ''),
(4922, 'fVra3Pwta0Q', 'THefpTo9qAa', '201503', 'ZxUQw1ay1cw', '36.0', ''),
(4923, 'fVra3Pwta0Q', 'MnMPmhXaWns', '201503', 'LDmTsQdoXs5', '204.0', ''),
(4924, 'fVra3Pwta0Q', 'MnMPmhXaWns', '201505', 'LDmTsQdoXs5', '10.0', ''),
(4925, 'fVra3Pwta0Q', 'H3PiVz5cdlS', '201504', 'HMJ9YZLMqo3', '73.0', ''),
(4926, 'fVra3Pwta0Q', 'H3PiVz5cdlS', '201505', 'HMJ9YZLMqo3', '23.0', ''),
(4927, 'fVra3Pwta0Q', 'H3PiVz5cdlS', '201503', 'HMJ9YZLMqo3', '385.0', ''),
(4928, 'HMNARUV2CW4', 'nNhisoZuTzR', '201503', 'EJ8nUfcupBq', '2050.0', ''),
(4929, 'HMNARUV2CW4', 'H3PiVz5cdlS', '201504', 'ZxUQw1ay1cw', '68.0', ''),
(4930, 'HMNARUV2CW4', 'fgGcpHh5Bl6', '201504', 'jFOwIS0MEFZ', '2.0', ''),
(4931, 'HMNARUV2CW4', 'H3PiVz5cdlS', '201503', 'ZxUQw1ay1cw', '60.0', ''),
(4932, 'HMNARUV2CW4', 'fgGcpHh5Bl6', '201503', 'HMJ9YZLMqo3', '11.0', ''),
(4933, 'HMNARUV2CW4', 'H3PiVz5cdlS', '201504', 'LDmTsQdoXs5', '2.0', ''),
(4934, 'HMNARUV2CW4', 'fgGcpHh5Bl6', '201504', 'HMJ9YZLMqo3', '4.0', ''),
(4935, 'HMNARUV2CW4', 'nNhisoZuTzR', '201503', 'HMJ9YZLMqo3', '471.0', ''),
(4936, 'HMNARUV2CW4', 'nNhisoZuTzR', '201504', 'HMJ9YZLMqo3', '173.0', ''),
(4937, 'HMNARUV2CW4', 'nNhisoZuTzR', '201503', 'v0szLFkFN1L', '150.0', ''),
(4938, 'HMNARUV2CW4', 'nNhisoZuTzR', '201504', 'v0szLFkFN1L', '572.0', ''),
(4939, 'HMNARUV2CW4', 'fgGcpHh5Bl6', '201503', 'EJ8nUfcupBq', '120.0', ''),
(4940, 'HMNARUV2CW4', 'fgGcpHh5Bl6', '201504', 'LDmTsQdoXs5', '6.0', ''),
(4941, 'HMNARUV2CW4', 'nNhisoZuTzR', '201504', 'LDmTsQdoXs5', '194.0', ''),
(4942, 'HMNARUV2CW4', 'fgGcpHh5Bl6', '201503', 'ZxUQw1ay1cw', '165.0', ''),
(4943, 'HMNARUV2CW4', 'fgGcpHh5Bl6', '201504', 'ZxUQw1ay1cw', '110.0', ''),
(4944, 'HMNARUV2CW4', 'fgGcpHh5Bl6', '201504', 'v0szLFkFN1L', '116.0', ''),
(4945, 'HMNARUV2CW4', 'H3PiVz5cdlS', '201503', 'EJ8nUfcupBq', '20.0', ''),
(4946, 'HMNARUV2CW4', 'fgGcpHh5Bl6', '201503', 'v0szLFkFN1L', '86.0', ''),
(4947, 'HMNARUV2CW4', 'nNhisoZuTzR', '201503', 'ZxUQw1ay1cw', '1650.0', ''),
(4948, 'HMNARUV2CW4', 'nNhisoZuTzR', '201504', 'ZxUQw1ay1cw', '378.0', ''),
(4949, 'HMNARUV2CW4', 'nNhisoZuTzR', '201504', 'jFOwIS0MEFZ', '21.0', ''),
(4950, 'HMNARUV2CW4', 'H3PiVz5cdlS', '201503', 'v0szLFkFN1L', '60.0', ''),
(4951, 'HMNARUV2CW4', 'H3PiVz5cdlS', '201504', 'HMJ9YZLMqo3', '2.0', ''),
(4952, 'HMNARUV2CW4', 'H3PiVz5cdlS', '201504', 'v0szLFkFN1L', '70.0', ''),
(4953, 'j8o6iO4Njsi', 'nNhisoZuTzR', '201504', 'EJ8nUfcupBq', '700.0', ''),
(4954, 'j8o6iO4Njsi', 'nNhisoZuTzR', '201503', 'EJ8nUfcupBq', '1587.0', ''),
(4955, 'j8o6iO4Njsi', 'H3PiVz5cdlS', '201503', 'sL6cDCzo7h9', '110.0', ''),
(4956, 'j8o6iO4Njsi', 'H3PiVz5cdlS', '201504', 'sL6cDCzo7h9', '34.0', ''),
(4957, 'j8o6iO4Njsi', 'H3PiVz5cdlS', '201504', 'ZxUQw1ay1cw', '826.0', ''),
(4958, 'j8o6iO4Njsi', 'H3PiVz5cdlS', '201503', 'ZxUQw1ay1cw', '2388.0', ''),
(4959, 'j8o6iO4Njsi', 'fgGcpHh5Bl6', '201503', 'HMJ9YZLMqo3', '1376.0', ''),
(4960, 'j8o6iO4Njsi', 'fgGcpHh5Bl6', '201504', 'HMJ9YZLMqo3', '23.0', ''),
(4961, 'j8o6iO4Njsi', 'H3PiVz5cdlS', '201503', 'LDmTsQdoXs5', '27.0', ''),
(4962, 'j8o6iO4Njsi', 'H3PiVz5cdlS', '201504', 'MT1UWZvCVUQ', '40.0', ''),
(4963, 'j8o6iO4Njsi', 'H3PiVz5cdlS', '201503', 'MT1UWZvCVUQ', '124.0', ''),
(4964, 'j8o6iO4Njsi', 'H3PiVz5cdlS', '201503', 'qrh0ydN5iqx', '20.0', ''),
(4965, 'j8o6iO4Njsi', 'MnMPmhXaWns', '201504', 'EJ8nUfcupBq', '100.0', ''),
(4966, 'j8o6iO4Njsi', 'THefpTo9qAa', '201503', 'HMJ9YZLMqo3', '36.0', ''),
(4967, 'j8o6iO4Njsi', 'H3PiVz5cdlS', '201504', 'UbFZzGAky0H', '74.0', ''),
(4968, 'j8o6iO4Njsi', 'nNhisoZuTzR', '201503', 'v0szLFkFN1L', '23577.0', ''),
(4969, 'j8o6iO4Njsi', 'THefpTo9qAa', '201503', 'MT1UWZvCVUQ', '500.0', ''),
(4970, 'j8o6iO4Njsi', 'nNhisoZuTzR', '201504', 'v0szLFkFN1L', '9693.0', ''),
(4971, 'j8o6iO4Njsi', 'H3PiVz5cdlS', '201503', 'UbFZzGAky0H', '120.0', ''),
(4972, 'j8o6iO4Njsi', 'THefpTo9qAa', '201504', 'MT1UWZvCVUQ', '100.0', ''),
(4973, 'j8o6iO4Njsi', 'fgGcpHh5Bl6', '201504', 'MT1UWZvCVUQ', '48.0', ''),
(4974, 'j8o6iO4Njsi', 'fgGcpHh5Bl6', '201503', 'MT1UWZvCVUQ', '5020.0', ''),
(4975, 'j8o6iO4Njsi', 'MnMPmhXaWns', '201504', 'v0szLFkFN1L', '67.0', ''),
(4976, 'j8o6iO4Njsi', 'MnMPmhXaWns', '201503', 'v0szLFkFN1L', '8.0', ''),
(4977, 'j8o6iO4Njsi', 'fgGcpHh5Bl6', '201503', 'qrh0ydN5iqx', '31.0', ''),
(4978, 'j8o6iO4Njsi', 'fgGcpHh5Bl6', '201503', 'sL6cDCzo7h9', '308.0', ''),
(4979, 'j8o6iO4Njsi', 'nNhisoZuTzR', '201503', 'Kk3atPpSnCh', '300.0', ''),
(4980, 'j8o6iO4Njsi', 'THefpTo9qAa', '201503', 'sL6cDCzo7h9', '57.0', ''),
(4981, 'j8o6iO4Njsi', 'fgGcpHh5Bl6', '201504', 'v0szLFkFN1L', '2754.0', ''),
(4982, 'j8o6iO4Njsi', 'fgGcpHh5Bl6', '201503', 'v0szLFkFN1L', '7799.0', ''),
(4983, 'j8o6iO4Njsi', 'fgGcpHh5Bl6', '201504', 'sL6cDCzo7h9', '24.0', ''),
(4984, 'j8o6iO4Njsi', 'THefpTo9qAa', '201503', 'Kk3atPpSnCh', '231.0', ''),
(4985, 'j8o6iO4Njsi', 'nNhisoZuTzR', '201503', 'jFOwIS0MEFZ', '33.0', ''),
(4986, 'j8o6iO4Njsi', 'fgGcpHh5Bl6', '201503', 'UbFZzGAky0H', '181.0', ''),
(4987, 'j8o6iO4Njsi', 'H3PiVz5cdlS', '201503', 'v0szLFkFN1L', '2473.0', ''),
(4988, 'j8o6iO4Njsi', 'fgGcpHh5Bl6', '201504', 'UbFZzGAky0H', '191.0', ''),
(4989, 'j8o6iO4Njsi', 'nNhisoZuTzR', '201504', 'UbFZzGAky0H', '1062.0', ''),
(4990, 'j8o6iO4Njsi', 'nNhisoZuTzR', '201503', 'UbFZzGAky0H', '900.0', ''),
(4991, 'j8o6iO4Njsi', 'H3PiVz5cdlS', '201504', 'v0szLFkFN1L', '1080.0', ''),
(4992, 'j8o6iO4Njsi', 'nNhisoZuTzR', '201503', 'HMJ9YZLMqo3', '4267.0', ''),
(4993, 'j8o6iO4Njsi', 'nNhisoZuTzR', '201504', 'HMJ9YZLMqo3', '3163.0', ''),
(4994, 'j8o6iO4Njsi', 'nNhisoZuTzR', '201504', 'MT1UWZvCVUQ', '13400.0', ''),
(4995, 'j8o6iO4Njsi', 'nNhisoZuTzR', '201503', 'MT1UWZvCVUQ', '2600.0', ''),
(4996, 'j8o6iO4Njsi', 'MnMPmhXaWns', '201504', 'MT1UWZvCVUQ', '100.0', ''),
(4997, 'j8o6iO4Njsi', 'THefpTo9qAa', '201503', 'v0szLFkFN1L', '199.0', ''),
(4998, 'j8o6iO4Njsi', 'MnMPmhXaWns', '201503', 'MT1UWZvCVUQ', '500.0', ''),
(4999, 'j8o6iO4Njsi', 'nNhisoZuTzR', '201503', 'qrh0ydN5iqx', '401.0', ''),
(5000, 'j8o6iO4Njsi', 'nNhisoZuTzR', '201504', 'qrh0ydN5iqx', '450.0', ''),
(5001, 'j8o6iO4Njsi', 'fgGcpHh5Bl6', '201503', 'LDmTsQdoXs5', '1366.0', ''),
(5002, 'j8o6iO4Njsi', 'nNhisoZuTzR', '201504', 'sL6cDCzo7h9', '28.0', ''),
(5003, 'j8o6iO4Njsi', 'MnMPmhXaWns', '201503', 'HMJ9YZLMqo3', '8.0', ''),
(5004, 'j8o6iO4Njsi', 'nNhisoZuTzR', '201503', 'sL6cDCzo7h9', '4118.0', ''),
(5005, 'j8o6iO4Njsi', 'MnMPmhXaWns', '201504', 'HMJ9YZLMqo3', '30.0', ''),
(5006, 'j8o6iO4Njsi', 'THefpTo9qAa', '201503', 'EJ8nUfcupBq', '50.0', ''),
(5007, 'j8o6iO4Njsi', 'fgGcpHh5Bl6', '201504', 'EJ8nUfcupBq', '20.0', ''),
(5008, 'j8o6iO4Njsi', 'fgGcpHh5Bl6', '201504', 'LDmTsQdoXs5', '22.0', ''),
(5009, 'j8o6iO4Njsi', 'fgGcpHh5Bl6', '201503', 'EJ8nUfcupBq', '90.0', ''),
(5010, 'j8o6iO4Njsi', 'nNhisoZuTzR', '201504', 'LDmTsQdoXs5', '3163.0', ''),
(5011, 'j8o6iO4Njsi', 'fgGcpHh5Bl6', '201503', 'ZxUQw1ay1cw', '6304.0', ''),
(5012, 'j8o6iO4Njsi', 'nNhisoZuTzR', '201503', 'LDmTsQdoXs5', '3935.0', ''),
(5013, 'j8o6iO4Njsi', 'fgGcpHh5Bl6', '201504', 'ZxUQw1ay1cw', '2566.0', ''),
(5014, 'j8o6iO4Njsi', 'THefpTo9qAa', '201503', 'LDmTsQdoXs5', '36.0', ''),
(5015, 'j8o6iO4Njsi', 'THefpTo9qAa', '201503', 'ZxUQw1ay1cw', '228.0', ''),
(5016, 'j8o6iO4Njsi', 'H3PiVz5cdlS', '201504', 'EJ8nUfcupBq', '20.0', ''),
(5017, 'j8o6iO4Njsi', 'H3PiVz5cdlS', '201503', 'EJ8nUfcupBq', '60.0', ''),
(5018, 'j8o6iO4Njsi', 'MnMPmhXaWns', '201504', 'ZxUQw1ay1cw', '137.0', ''),
(5019, 'j8o6iO4Njsi', 'nNhisoZuTzR', '201503', 'ZxUQw1ay1cw', '19842.0', ''),
(5020, 'j8o6iO4Njsi', 'nNhisoZuTzR', '201504', 'ZxUQw1ay1cw', '6632.0', ''),
(5021, 'j8o6iO4Njsi', 'MnMPmhXaWns', '201503', 'LDmTsQdoXs5', '8.0', ''),
(5022, 'j8o6iO4Njsi', 'MnMPmhXaWns', '201504', 'LDmTsQdoXs5', '30.0', ''),
(5023, 'j8o6iO4Njsi', 'H3PiVz5cdlS', '201503', 'HMJ9YZLMqo3', '27.0', ''),
(5024, 'jkG3zaihdSs', 'nNhisoZuTzR', '201503', 'EJ8nUfcupBq', '7314.0', ''),
(5025, 'jkG3zaihdSs', 'H3PiVz5cdlS', '201503', 'sL6cDCzo7h9', '18.0', ''),
(5026, 'jkG3zaihdSs', 'fgGcpHh5Bl6', '201505', 'HMJ9YZLMqo3', '22.0', ''),
(5027, 'jkG3zaihdSs', 'H3PiVz5cdlS', '201504', 'ZxUQw1ay1cw', '81.0', ''),
(5028, 'jkG3zaihdSs', 'nNhisoZuTzR', '201505', 'EJ8nUfcupBq', '500.0', ''),
(5029, 'jkG3zaihdSs', 'H3PiVz5cdlS', '201503', 'ZxUQw1ay1cw', '342.0', ''),
(5030, 'jkG3zaihdSs', 'fgGcpHh5Bl6', '201503', 'HMJ9YZLMqo3', '148.0', ''),
(5031, 'jkG3zaihdSs', 'H3PiVz5cdlS', '201504', 'LDmTsQdoXs5', '7.0', ''),
(5032, 'jkG3zaihdSs', 'fgGcpHh5Bl6', '201504', 'HMJ9YZLMqo3', '58.0', ''),
(5033, 'jkG3zaihdSs', 'H3PiVz5cdlS', '201503', 'LDmTsQdoXs5', '81.0', ''),
(5034, 'jkG3zaihdSs', 'H3PiVz5cdlS', '201504', 'MT1UWZvCVUQ', '100.0', ''),
(5035, 'jkG3zaihdSs', 'H3PiVz5cdlS', '201503', 'MT1UWZvCVUQ', '25.0', ''),
(5036, 'jkG3zaihdSs', 'H3PiVz5cdlS', '201503', 'qrh0ydN5iqx', '58.0', ''),
(5037, 'jkG3zaihdSs', 'H3PiVz5cdlS', '201504', 'qrh0ydN5iqx', '20.0', ''),
(5038, 'jkG3zaihdSs', 'nNhisoZuTzR', '201503', 'v0szLFkFN1L', '2478.0', ''),
(5039, 'jkG3zaihdSs', 'nNhisoZuTzR', '201504', 'v0szLFkFN1L', '3882.0', ''),
(5040, 'jkG3zaihdSs', 'H3PiVz5cdlS', '201503', 'UbFZzGAky0H', '18.0', ''),
(5041, 'jkG3zaihdSs', 'fgGcpHh5Bl6', '201504', 'MT1UWZvCVUQ', '100.0', ''),
(5042, 'jkG3zaihdSs', 'fgGcpHh5Bl6', '201503', 'MT1UWZvCVUQ', '140.0', ''),
(5043, 'jkG3zaihdSs', 'fgGcpHh5Bl6', '201503', 'qrh0ydN5iqx', '432.0', ''),
(5044, 'jkG3zaihdSs', 'fgGcpHh5Bl6', '201504', 'qrh0ydN5iqx', '30.0', ''),
(5045, 'jkG3zaihdSs', 'nNhisoZuTzR', '201503', 'Kk3atPpSnCh', '2.0', ''),
(5046, 'jkG3zaihdSs', 'nNhisoZuTzR', '201504', 'Kk3atPpSnCh', '2.0', ''),
(5047, 'jkG3zaihdSs', 'fgGcpHh5Bl6', '201504', 'v0szLFkFN1L', '753.0', ''),
(5048, 'jkG3zaihdSs', 'fgGcpHh5Bl6', '201503', 'v0szLFkFN1L', '1387.0', ''),
(5049, 'jkG3zaihdSs', 'nNhisoZuTzR', '201503', 'jFOwIS0MEFZ', '160.0', ''),
(5050, 'jkG3zaihdSs', 'nNhisoZuTzR', '201505', 'jFOwIS0MEFZ', '6.0', ''),
(5051, 'jkG3zaihdSs', 'fgGcpHh5Bl6', '201504', 'Kk3atPpSnCh', '2.0', ''),
(5052, 'jkG3zaihdSs', 'H3PiVz5cdlS', '201503', 'v0szLFkFN1L', '304.0', ''),
(5053, 'jkG3zaihdSs', 'fgGcpHh5Bl6', '201504', 'UbFZzGAky0H', '5.0', ''),
(5054, 'jkG3zaihdSs', 'nNhisoZuTzR', '201504', 'UbFZzGAky0H', '25.0', ''),
(5055, 'jkG3zaihdSs', 'H3PiVz5cdlS', '201504', 'v0szLFkFN1L', '68.0', ''),
(5056, 'jkG3zaihdSs', 'H3PiVz5cdlS', '201504', 'Kk3atPpSnCh', '2.0', ''),
(5057, 'jkG3zaihdSs', 'fgGcpHh5Bl6', '201505', 'jFOwIS0MEFZ', '2.0', ''),
(5058, 'jkG3zaihdSs', 'fgGcpHh5Bl6', '201503', 'jFOwIS0MEFZ', '5.0', ''),
(5059, 'jkG3zaihdSs', 'nNhisoZuTzR', '201503', 'HMJ9YZLMqo3', '3528.0', ''),
(5060, 'jkG3zaihdSs', 'nNhisoZuTzR', '201504', 'HMJ9YZLMqo3', '1005.0', ''),
(5061, 'jkG3zaihdSs', 'nNhisoZuTzR', '201504', 'MT1UWZvCVUQ', '700.0', ''),
(5062, 'jkG3zaihdSs', 'nNhisoZuTzR', '201505', 'HMJ9YZLMqo3', '335.0', ''),
(5063, 'jkG3zaihdSs', 'nNhisoZuTzR', '201503', 'MT1UWZvCVUQ', '6314.0', ''),
(5064, 'jkG3zaihdSs', 'THefpTo9qAa', '201504', 'v0szLFkFN1L', '60.0', ''),
(5065, 'jkG3zaihdSs', 'nNhisoZuTzR', '201503', 'qrh0ydN5iqx', '1050.0', ''),
(5066, 'jkG3zaihdSs', 'nNhisoZuTzR', '201504', 'qrh0ydN5iqx', '400.0', ''),
(5067, 'jkG3zaihdSs', 'fgGcpHh5Bl6', '201503', 'LDmTsQdoXs5', '148.0', ''),
(5068, 'jkG3zaihdSs', 'fgGcpHh5Bl6', '201505', 'EJ8nUfcupBq', '60.0', ''),
(5069, 'jkG3zaihdSs', 'fgGcpHh5Bl6', '201505', 'LDmTsQdoXs5', '20.0', ''),
(5070, 'jkG3zaihdSs', 'fgGcpHh5Bl6', '201504', 'LDmTsQdoXs5', '58.0', ''),
(5071, 'jkG3zaihdSs', 'fgGcpHh5Bl6', '201503', 'EJ8nUfcupBq', '726.0', ''),
(5072, 'jkG3zaihdSs', 'nNhisoZuTzR', '201505', 'LDmTsQdoXs5', '335.0', ''),
(5073, 'jkG3zaihdSs', 'nNhisoZuTzR', '201504', 'LDmTsQdoXs5', '1001.0', ''),
(5074, 'jkG3zaihdSs', 'fgGcpHh5Bl6', '201503', 'ZxUQw1ay1cw', '1890.0', ''),
(5075, 'jkG3zaihdSs', 'nNhisoZuTzR', '201503', 'LDmTsQdoXs5', '3453.0', ''),
(5076, 'jkG3zaihdSs', 'fgGcpHh5Bl6', '201504', 'ZxUQw1ay1cw', '720.0', ''),
(5077, 'jkG3zaihdSs', 'H3PiVz5cdlS', '201505', 'EJ8nUfcupBq', '20.0', ''),
(5078, 'jkG3zaihdSs', 'H3PiVz5cdlS', '201503', 'EJ8nUfcupBq', '155.0', ''),
(5079, 'jkG3zaihdSs', 'nNhisoZuTzR', '201503', 'ZxUQw1ay1cw', '7533.0', ''),
(5080, 'jkG3zaihdSs', 'nNhisoZuTzR', '201504', 'ZxUQw1ay1cw', '3250.0', ''),
(5081, 'jkG3zaihdSs', 'H3PiVz5cdlS', '201504', 'HMJ9YZLMqo3', '7.0', ''),
(5082, 'jkG3zaihdSs', 'H3PiVz5cdlS', '201503', 'HMJ9YZLMqo3', '79.0', ''),
(5083, 'KGHhQ5GLd4k', 'H3PiVz5cdlS', '201505', 'sL6cDCzo7h9', '30.0', ''),
(5084, 'KGHhQ5GLd4k', 'nNhisoZuTzR', '201503', 'EJ8nUfcupBq', '913.0', ''),
(5085, 'KGHhQ5GLd4k', 'H3PiVz5cdlS', '201503', 'sL6cDCzo7h9', '1064.0', ''),
(5086, 'KGHhQ5GLd4k', 'H3PiVz5cdlS', '201504', 'sL6cDCzo7h9', '172.0', ''),
(5087, 'KGHhQ5GLd4k', 'nNhisoZuTzR', '201505', 'EJ8nUfcupBq', '1650.0', ''),
(5088, 'KGHhQ5GLd4k', 'H3PiVz5cdlS', '201505', 'MT1UWZvCVUQ', '40.0', ''),
(5089, 'KGHhQ5GLd4k', 'H3PiVz5cdlS', '201504', 'MT1UWZvCVUQ', '400.0', ''),
(5090, 'KGHhQ5GLd4k', 'H3PiVz5cdlS', '201503', 'MT1UWZvCVUQ', '1640.0', ''),
(5091, 'KGHhQ5GLd4k', 'THefpTo9qAa', '201504', 'HMJ9YZLMqo3', '17.0', ''),
(5092, 'KGHhQ5GLd4k', 'THefpTo9qAa', '201504', 'MT1UWZvCVUQ', '200.0', ''),
(5093, 'KGHhQ5GLd4k', 'H3PiVz5cdlS', '201503', 'jFOwIS0MEFZ', '44.0', ''),
(5094, 'KGHhQ5GLd4k', 'H3PiVz5cdlS', '201504', 'jFOwIS0MEFZ', '74.0', ''),
(5095, 'KGHhQ5GLd4k', 'MnMPmhXaWns', '201505', 'v0szLFkFN1L', '3491.0', ''),
(5096, 'KGHhQ5GLd4k', 'H3PiVz5cdlS', '201505', 'jFOwIS0MEFZ', '20.0', ''),
(5097, 'KGHhQ5GLd4k', 'MnMPmhXaWns', '201504', 'v0szLFkFN1L', '23.0', ''),
(5098, 'KGHhQ5GLd4k', 'MnMPmhXaWns', '201503', 'v0szLFkFN1L', '1015.0', ''),
(5099, 'KGHhQ5GLd4k', 'fgGcpHh5Bl6', '201503', 'qrh0ydN5iqx', '186.0', ''),
(5100, 'KGHhQ5GLd4k', 'fgGcpHh5Bl6', '201504', 'qrh0ydN5iqx', '105.0', ''),
(5101, 'KGHhQ5GLd4k', 'nNhisoZuTzR', '201503', 'Kk3atPpSnCh', '13.0', ''),
(5102, 'KGHhQ5GLd4k', 'nNhisoZuTzR', '201504', 'Kk3atPpSnCh', '50.0', ''),
(5103, 'KGHhQ5GLd4k', 'fgGcpHh5Bl6', '201505', 'qrh0ydN5iqx', '25.0', ''),
(5104, 'KGHhQ5GLd4k', 'nNhisoZuTzR', '201505', 'Kk3atPpSnCh', '50.0', ''),
(5105, 'KGHhQ5GLd4k', 'fgGcpHh5Bl6', '201503', 'Kk3atPpSnCh', '3.0', ''),
(5106, 'KGHhQ5GLd4k', 'nNhisoZuTzR', '201503', 'jFOwIS0MEFZ', '329.0', ''),
(5107, 'KGHhQ5GLd4k', 'nNhisoZuTzR', '201505', 'jFOwIS0MEFZ', '6.0', ''),
(5108, 'KGHhQ5GLd4k', 'nNhisoZuTzR', '201504', 'jFOwIS0MEFZ', '1.0', ''),
(5109, 'KGHhQ5GLd4k', 'fgGcpHh5Bl6', '201504', 'Kk3atPpSnCh', '30.0', ''),
(5110, 'KGHhQ5GLd4k', 'fgGcpHh5Bl6', '201505', 'UbFZzGAky0H', '60.0', ''),
(5111, 'KGHhQ5GLd4k', 'fgGcpHh5Bl6', '201503', 'UbFZzGAky0H', '364.0', ''),
(5112, 'KGHhQ5GLd4k', 'fgGcpHh5Bl6', '201504', 'UbFZzGAky0H', '30.0', ''),
(5113, 'KGHhQ5GLd4k', 'fgGcpHh5Bl6', '201504', 'jFOwIS0MEFZ', '2.0', ''),
(5114, 'KGHhQ5GLd4k', 'fgGcpHh5Bl6', '201503', 'jFOwIS0MEFZ', '42.0', ''),
(5115, 'KGHhQ5GLd4k', 'nNhisoZuTzR', '201503', 'HMJ9YZLMqo3', '19682.0', ''),
(5116, 'KGHhQ5GLd4k', 'nNhisoZuTzR', '201504', 'HMJ9YZLMqo3', '6356.0', ''),
(5117, 'KGHhQ5GLd4k', 'nNhisoZuTzR', '201505', 'MT1UWZvCVUQ', '9192.0', ''),
(5118, 'KGHhQ5GLd4k', 'nNhisoZuTzR', '201504', 'MT1UWZvCVUQ', '21911.0', ''),
(5119, 'KGHhQ5GLd4k', 'nNhisoZuTzR', '201505', 'HMJ9YZLMqo3', '3907.0', ''),
(5120, 'KGHhQ5GLd4k', 'nNhisoZuTzR', '201503', 'MT1UWZvCVUQ', '41732.0', ''),
(5121, 'KGHhQ5GLd4k', 'MnMPmhXaWns', '201504', 'MT1UWZvCVUQ', '200.0', ''),
(5122, 'KGHhQ5GLd4k', 'MnMPmhXaWns', '201503', 'MT1UWZvCVUQ', '2000.0', ''),
(5123, 'KGHhQ5GLd4k', 'MnMPmhXaWns', '201505', 'MT1UWZvCVUQ', '3000.0', ''),
(5124, 'KGHhQ5GLd4k', 'fgGcpHh5Bl6', '201503', 'LDmTsQdoXs5', '588.0', ''),
(5125, 'KGHhQ5GLd4k', 'nNhisoZuTzR', '201504', 'sL6cDCzo7h9', '696.0', ''),
(5126, 'KGHhQ5GLd4k', 'MnMPmhXaWns', '201503', 'Kk3atPpSnCh', '5.0', ''),
(5127, 'KGHhQ5GLd4k', 'MnMPmhXaWns', '201505', 'HMJ9YZLMqo3', '1866.0', ''),
(5128, 'KGHhQ5GLd4k', 'MnMPmhXaWns', '201503', 'HMJ9YZLMqo3', '342.0', ''),
(5129, 'KGHhQ5GLd4k', 'nNhisoZuTzR', '201503', 'sL6cDCzo7h9', '5621.0', ''),
(5130, 'KGHhQ5GLd4k', 'MnMPmhXaWns', '201504', 'HMJ9YZLMqo3', '1.0', ''),
(5131, 'KGHhQ5GLd4k', 'MnMPmhXaWns', '201504', 'Kk3atPpSnCh', '31.0', ''),
(5132, 'KGHhQ5GLd4k', 'THefpTo9qAa', '201504', 'LDmTsQdoXs5', '24.0', ''),
(5133, 'KGHhQ5GLd4k', 'fgGcpHh5Bl6', '201505', 'EJ8nUfcupBq', '60.0', ''),
(5134, 'KGHhQ5GLd4k', 'MnMPmhXaWns', '201503', 'sL6cDCzo7h9', '500.0', ''),
(5135, 'KGHhQ5GLd4k', 'fgGcpHh5Bl6', '201505', 'LDmTsQdoXs5', '85.0', ''),
(5136, 'KGHhQ5GLd4k', 'fgGcpHh5Bl6', '201504', 'EJ8nUfcupBq', '60.0', ''),
(5137, 'KGHhQ5GLd4k', 'fgGcpHh5Bl6', '201504', 'LDmTsQdoXs5', '154.0', ''),
(5138, 'KGHhQ5GLd4k', 'fgGcpHh5Bl6', '201503', 'EJ8nUfcupBq', '175.0', ''),
(5139, 'KGHhQ5GLd4k', 'H3PiVz5cdlS', '201505', 'EJ8nUfcupBq', '120.0', ''),
(5140, 'KGHhQ5GLd4k', 'H3PiVz5cdlS', '201504', 'EJ8nUfcupBq', '20.0', ''),
(5141, 'KGHhQ5GLd4k', 'nNhisoZuTzR', '201505', 'ZxUQw1ay1cw', '4841.0', ''),
(5142, 'KGHhQ5GLd4k', 'H3PiVz5cdlS', '201503', 'EJ8nUfcupBq', '80.0', ''),
(5143, 'KGHhQ5GLd4k', 'MnMPmhXaWns', '201503', 'ZxUQw1ay1cw', '732.0', ''),
(5144, 'KGHhQ5GLd4k', 'nNhisoZuTzR', '201503', 'ZxUQw1ay1cw', '73061.0', ''),
(5145, 'KGHhQ5GLd4k', 'MnMPmhXaWns', '201505', 'ZxUQw1ay1cw', '1625.0', ''),
(5146, 'KGHhQ5GLd4k', 'nNhisoZuTzR', '201504', 'ZxUQw1ay1cw', '18671.0', ''),
(5147, 'KGHhQ5GLd4k', 'fgGcpHh5Bl6', '201505', 'HMJ9YZLMqo3', '84.0', ''),
(5148, 'KGHhQ5GLd4k', 'H3PiVz5cdlS', '201504', 'ZxUQw1ay1cw', '1789.0', ''),
(5149, 'KGHhQ5GLd4k', 'H3PiVz5cdlS', '201505', 'ZxUQw1ay1cw', '624.0', ''),
(5150, 'KGHhQ5GLd4k', 'H3PiVz5cdlS', '201503', 'ZxUQw1ay1cw', '4300.0', ''),
(5151, 'KGHhQ5GLd4k', 'H3PiVz5cdlS', '201505', 'LDmTsQdoXs5', '10.0', ''),
(5152, 'KGHhQ5GLd4k', 'fgGcpHh5Bl6', '201503', 'HMJ9YZLMqo3', '628.0', ''),
(5153, 'KGHhQ5GLd4k', 'H3PiVz5cdlS', '201504', 'LDmTsQdoXs5', '55.0', ''),
(5154, 'KGHhQ5GLd4k', 'fgGcpHh5Bl6', '201504', 'HMJ9YZLMqo3', '160.0', ''),
(5155, 'KGHhQ5GLd4k', 'H3PiVz5cdlS', '201503', 'LDmTsQdoXs5', '145.0', ''),
(5156, 'KGHhQ5GLd4k', 'H3PiVz5cdlS', '201503', 'qrh0ydN5iqx', '40.0', ''),
(5157, 'KGHhQ5GLd4k', 'H3PiVz5cdlS', '201504', 'qrh0ydN5iqx', '14.0', ''),
(5158, 'KGHhQ5GLd4k', 'nNhisoZuTzR', '201505', 'v0szLFkFN1L', '6709.0', ''),
(5159, 'KGHhQ5GLd4k', 'H3PiVz5cdlS', '201504', 'UbFZzGAky0H', '40.0', ''),
(5160, 'KGHhQ5GLd4k', 'nNhisoZuTzR', '201503', 'v0szLFkFN1L', '96073.0', ''),
(5161, 'KGHhQ5GLd4k', 'nNhisoZuTzR', '201504', 'v0szLFkFN1L', '26209.0', ''),
(5162, 'KGHhQ5GLd4k', 'H3PiVz5cdlS', '201503', 'UbFZzGAky0H', '36.0', ''),
(5163, 'KGHhQ5GLd4k', 'fgGcpHh5Bl6', '201504', 'MT1UWZvCVUQ', '650.0', ''),
(5164, 'KGHhQ5GLd4k', 'fgGcpHh5Bl6', '201503', 'MT1UWZvCVUQ', '2250.0', ''),
(5165, 'KGHhQ5GLd4k', 'fgGcpHh5Bl6', '201503', 'sL6cDCzo7h9', '2589.0', ''),
(5166, 'KGHhQ5GLd4k', 'fgGcpHh5Bl6', '201504', 'v0szLFkFN1L', '5501.0', ''),
(5167, 'KGHhQ5GLd4k', 'fgGcpHh5Bl6', '201503', 'v0szLFkFN1L', '15984.0', ''),
(5168, 'KGHhQ5GLd4k', 'fgGcpHh5Bl6', '201505', 'v0szLFkFN1L', '2319.0', ''),
(5169, 'KGHhQ5GLd4k', 'fgGcpHh5Bl6', '201504', 'sL6cDCzo7h9', '149.0', ''),
(5170, 'KGHhQ5GLd4k', 'fgGcpHh5Bl6', '201505', 'sL6cDCzo7h9', '69.0', ''),
(5171, 'KGHhQ5GLd4k', 'H3PiVz5cdlS', '201503', 'v0szLFkFN1L', '4708.0', ''),
(5172, 'KGHhQ5GLd4k', 'nNhisoZuTzR', '201504', 'UbFZzGAky0H', '1961.0', ''),
(5173, 'KGHhQ5GLd4k', 'H3PiVz5cdlS', '201505', 'v0szLFkFN1L', '552.0', ''),
(5174, 'KGHhQ5GLd4k', 'nNhisoZuTzR', '201503', 'UbFZzGAky0H', '6115.0', ''),
(5175, 'KGHhQ5GLd4k', 'H3PiVz5cdlS', '201504', 'v0szLFkFN1L', '1640.0', ''),
(5176, 'KGHhQ5GLd4k', 'H3PiVz5cdlS', '201504', 'Kk3atPpSnCh', '30.0', ''),
(5177, 'KGHhQ5GLd4k', 'nNhisoZuTzR', '201505', 'UbFZzGAky0H', '600.0', ''),
(5178, 'KGHhQ5GLd4k', 'H3PiVz5cdlS', '201503', 'Kk3atPpSnCh', '103.0', ''),
(5179, 'KGHhQ5GLd4k', 'THefpTo9qAa', '201504', 'v0szLFkFN1L', '45.0', ''),
(5180, 'KGHhQ5GLd4k', 'nNhisoZuTzR', '201503', 'qrh0ydN5iqx', '5850.0', ''),
(5181, 'KGHhQ5GLd4k', 'nNhisoZuTzR', '201504', 'qrh0ydN5iqx', '876.0', ''),
(5182, 'KGHhQ5GLd4k', 'nNhisoZuTzR', '201505', 'qrh0ydN5iqx', '976.0', ''),
(5183, 'KGHhQ5GLd4k', 'nNhisoZuTzR', '201505', 'LDmTsQdoXs5', '3903.0', ''),
(5184, 'KGHhQ5GLd4k', 'fgGcpHh5Bl6', '201505', 'ZxUQw1ay1cw', '2136.0', ''),
(5185, 'KGHhQ5GLd4k', 'nNhisoZuTzR', '201504', 'LDmTsQdoXs5', '6376.0', ''),
(5186, 'KGHhQ5GLd4k', 'fgGcpHh5Bl6', '201503', 'ZxUQw1ay1cw', '14698.0', ''),
(5187, 'KGHhQ5GLd4k', 'nNhisoZuTzR', '201503', 'LDmTsQdoXs5', '18563.0', ''),
(5188, 'KGHhQ5GLd4k', 'fgGcpHh5Bl6', '201504', 'ZxUQw1ay1cw', '5274.0', ''),
(5189, 'KGHhQ5GLd4k', 'THefpTo9qAa', '201504', 'ZxUQw1ay1cw', '6.0', ''),
(5190, 'KGHhQ5GLd4k', 'MnMPmhXaWns', '201503', 'qrh0ydN5iqx', '50.0', ''),
(5191, 'KGHhQ5GLd4k', 'MnMPmhXaWns', '201503', 'LDmTsQdoXs5', '342.0', ''),
(5192, 'KGHhQ5GLd4k', 'MnMPmhXaWns', '201504', 'LDmTsQdoXs5', '1.0', ''),
(5193, 'KGHhQ5GLd4k', 'MnMPmhXaWns', '201505', 'LDmTsQdoXs5', '1866.0', ''),
(5194, 'KGHhQ5GLd4k', 'H3PiVz5cdlS', '201504', 'HMJ9YZLMqo3', '61.0', ''),
(5195, 'KGHhQ5GLd4k', 'H3PiVz5cdlS', '201505', 'HMJ9YZLMqo3', '10.0', ''),
(5196, 'KGHhQ5GLd4k', 'H3PiVz5cdlS', '201503', 'HMJ9YZLMqo3', '116.0', ''),
(5197, 'kphDeKClFch', 'nNhisoZuTzR', '201504', 'EJ8nUfcupBq', '639.0', ''),
(5198, 'kphDeKClFch', 'UDNKVH14KuC', '201503', 'HMJ9YZLMqo3', '2.0', ''),
(5199, 'kphDeKClFch', 'nNhisoZuTzR', '201503', 'EJ8nUfcupBq', '14904.0', ''),
(5200, 'kphDeKClFch', 'H3PiVz5cdlS', '201503', 'sL6cDCzo7h9', '756.0', ''),
(5201, 'kphDeKClFch', 'UDNKVH14KuC', '201505', 'HMJ9YZLMqo3', '1.0', ''),
(5202, 'kphDeKClFch', 'H3PiVz5cdlS', '201504', 'sL6cDCzo7h9', '151.0', ''),
(5203, 'kphDeKClFch', 'nNhisoZuTzR', '201505', 'EJ8nUfcupBq', '55.0', ''),
(5204, 'kphDeKClFch', 'THefpTo9qAa', '201505', 'HMJ9YZLMqo3', '5.0', ''),
(5205, 'kphDeKClFch', 'H3PiVz5cdlS', '201505', 'MT1UWZvCVUQ', '1100.0', ''),
(5206, 'kphDeKClFch', 'H3PiVz5cdlS', '201504', 'MT1UWZvCVUQ', '1310.0', ''),
(5207, 'kphDeKClFch', 'H3PiVz5cdlS', '201503', 'MT1UWZvCVUQ', '1160.0', ''),
(5208, 'kphDeKClFch', 'THefpTo9qAa', '201504', 'HMJ9YZLMqo3', '30.0', ''),
(5209, 'kphDeKClFch', 'THefpTo9qAa', '201503', 'HMJ9YZLMqo3', '174.0', ''),
(5210, 'kphDeKClFch', 'THefpTo9qAa', '201503', 'MT1UWZvCVUQ', '100.0', ''),
(5211, 'kphDeKClFch', 'THefpTo9qAa', '201505', 'MT1UWZvCVUQ', '1000.0', ''),
(5212, 'kphDeKClFch', 'H3PiVz5cdlS', '201503', 'jFOwIS0MEFZ', '81.0', ''),
(5213, 'kphDeKClFch', 'MnMPmhXaWns', '201505', 'v0szLFkFN1L', '370.0', ''),
(5214, 'kphDeKClFch', 'MnMPmhXaWns', '201504', 'v0szLFkFN1L', '446.0', ''),
(5215, 'kphDeKClFch', 'MnMPmhXaWns', '201503', 'v0szLFkFN1L', '897.0', ''),
(5216, 'kphDeKClFch', 'fgGcpHh5Bl6', '201504', 'qrh0ydN5iqx', '3.0', ''),
(5217, 'kphDeKClFch', 'nNhisoZuTzR', '201503', 'Kk3atPpSnCh', '237.0', ''),
(5218, 'kphDeKClFch', 'UDNKVH14KuC', '201505', 'MT1UWZvCVUQ', '100.0', ''),
(5219, 'kphDeKClFch', 'nNhisoZuTzR', '201504', 'Kk3atPpSnCh', '267.0', ''),
(5220, 'kphDeKClFch', 'fgGcpHh5Bl6', '201505', 'qrh0ydN5iqx', '5.0', ''),
(5221, 'kphDeKClFch', 'nNhisoZuTzR', '201505', 'Kk3atPpSnCh', '25.0', ''),
(5222, 'kphDeKClFch', 'THefpTo9qAa', '201503', 'sL6cDCzo7h9', '24.0', ''),
(5223, 'kphDeKClFch', 'THefpTo9qAa', '201505', 'v0szLFkFN1L', '28.0', ''),
(5224, 'kphDeKClFch', 'nNhisoZuTzR', '201503', 'jFOwIS0MEFZ', '33.0', ''),
(5225, 'kphDeKClFch', 'nNhisoZuTzR', '201505', 'jFOwIS0MEFZ', '2.0', ''),
(5226, 'kphDeKClFch', 'nNhisoZuTzR', '201504', 'jFOwIS0MEFZ', '917.0', ''),
(5227, 'kphDeKClFch', 'fgGcpHh5Bl6', '201504', 'Kk3atPpSnCh', '90.0', ''),
(5228, 'kphDeKClFch', 'fgGcpHh5Bl6', '201505', 'Kk3atPpSnCh', '25.0', ''),
(5229, 'kphDeKClFch', 'fgGcpHh5Bl6', '201503', 'UbFZzGAky0H', '70.0', ''),
(5230, 'kphDeKClFch', 'fgGcpHh5Bl6', '201504', 'UbFZzGAky0H', '77.0', ''),
(5231, 'kphDeKClFch', 'fgGcpHh5Bl6', '201504', 'jFOwIS0MEFZ', '5.0', ''),
(5232, 'kphDeKClFch', 'THefpTo9qAa', '201503', 'jFOwIS0MEFZ', '31.0', ''),
(5233, 'kphDeKClFch', 'nNhisoZuTzR', '201503', 'HMJ9YZLMqo3', '15287.0', ''),
(5234, 'kphDeKClFch', 'nNhisoZuTzR', '201504', 'HMJ9YZLMqo3', '3457.0', ''),
(5235, 'kphDeKClFch', 'nNhisoZuTzR', '201505', 'MT1UWZvCVUQ', '2000.0', ''),
(5236, 'kphDeKClFch', 'nNhisoZuTzR', '201504', 'MT1UWZvCVUQ', '13580.0', ''),
(5237, 'kphDeKClFch', 'nNhisoZuTzR', '201505', 'HMJ9YZLMqo3', '926.0', ''),
(5238, 'kphDeKClFch', 'nNhisoZuTzR', '201503', 'MT1UWZvCVUQ', '7009.0', ''),
(5239, 'kphDeKClFch', 'MnMPmhXaWns', '201504', 'MT1UWZvCVUQ', '500.0', ''),
(5240, 'kphDeKClFch', 'MnMPmhXaWns', '201505', 'MT1UWZvCVUQ', '1500.0', ''),
(5241, 'kphDeKClFch', 'fgGcpHh5Bl6', '201503', 'LDmTsQdoXs5', '77.0', ''),
(5242, 'kphDeKClFch', 'nNhisoZuTzR', '201504', 'sL6cDCzo7h9', '446.0', ''),
(5243, 'kphDeKClFch', 'MnMPmhXaWns', '201505', 'HMJ9YZLMqo3', '5.0', ''),
(5244, 'kphDeKClFch', 'nNhisoZuTzR', '201505', 'sL6cDCzo7h9', '19.0', ''),
(5245, 'kphDeKClFch', 'MnMPmhXaWns', '201503', 'HMJ9YZLMqo3', '51.0', ''),
(5246, 'kphDeKClFch', 'nNhisoZuTzR', '201503', 'sL6cDCzo7h9', '4692.0', ''),
(5247, 'kphDeKClFch', 'MnMPmhXaWns', '201504', 'HMJ9YZLMqo3', '40.0', ''),
(5248, 'kphDeKClFch', 'THefpTo9qAa', '201504', 'LDmTsQdoXs5', '30.0', ''),
(5249, 'kphDeKClFch', 'fgGcpHh5Bl6', '201505', 'EJ8nUfcupBq', '5.0', ''),
(5250, 'kphDeKClFch', 'THefpTo9qAa', '201505', 'LDmTsQdoXs5', '5.0', ''),
(5251, 'kphDeKClFch', 'fgGcpHh5Bl6', '201505', 'LDmTsQdoXs5', '10.0', ''),
(5252, 'kphDeKClFch', 'fgGcpHh5Bl6', '201504', 'EJ8nUfcupBq', '196.0', ''),
(5253, 'kphDeKClFch', 'MnMPmhXaWns', '201504', 'sL6cDCzo7h9', '31.0', ''),
(5254, 'kphDeKClFch', 'fgGcpHh5Bl6', '201504', 'LDmTsQdoXs5', '58.0', ''),
(5255, 'kphDeKClFch', 'fgGcpHh5Bl6', '201503', 'EJ8nUfcupBq', '288.0', ''),
(5256, 'kphDeKClFch', 'UDNKVH14KuC', '201505', 'v0szLFkFN1L', '37.0', ''),
(5257, 'kphDeKClFch', 'UDNKVH14KuC', '201503', 'v0szLFkFN1L', '39.0', ''),
(5258, 'kphDeKClFch', 'THefpTo9qAa', '201503', 'LDmTsQdoXs5', '174.0', ''),
(5259, 'kphDeKClFch', 'UDNKVH14KuC', '201503', 'ZxUQw1ay1cw', '37.0', ''),
(5260, 'kphDeKClFch', 'nNhisoZuTzR', '201505', 'ZxUQw1ay1cw', '4917.0', ''),
(5261, 'kphDeKClFch', 'H3PiVz5cdlS', '201503', 'EJ8nUfcupBq', '240.0', ''),
(5262, 'kphDeKClFch', 'MnMPmhXaWns', '201503', 'ZxUQw1ay1cw', '846.0', ''),
(5263, 'kphDeKClFch', 'MnMPmhXaWns', '201504', 'ZxUQw1ay1cw', '410.0', ''),
(5264, 'kphDeKClFch', 'nNhisoZuTzR', '201503', 'ZxUQw1ay1cw', '40542.0', ''),
(5265, 'kphDeKClFch', 'MnMPmhXaWns', '201505', 'ZxUQw1ay1cw', '365.0', ''),
(5266, 'kphDeKClFch', 'nNhisoZuTzR', '201504', 'ZxUQw1ay1cw', '9677.0', ''),
(5267, 'kphDeKClFch', 'UDNKVH14KuC', '201505', 'ZxUQw1ay1cw', '36.0', ''),
(5268, 'kphDeKClFch', 'fgGcpHh5Bl6', '201505', 'HMJ9YZLMqo3', '10.0', ''),
(5269, 'kphDeKClFch', 'H3PiVz5cdlS', '201504', 'ZxUQw1ay1cw', '669.0', ''),
(5270, 'kphDeKClFch', 'H3PiVz5cdlS', '201505', 'ZxUQw1ay1cw', '80.0', ''),
(5271, 'kphDeKClFch', 'H3PiVz5cdlS', '201503', 'ZxUQw1ay1cw', '1730.0', '');
INSERT INTO `lab_county_level_data` (`county_drugs_id`, `county_id`, `drug_id`, `period`, `drug_category_id`, `drug_value`, `date`) VALUES
(5272, 'kphDeKClFch', 'fgGcpHh5Bl6', '201503', 'HMJ9YZLMqo3', '85.0', ''),
(5273, 'kphDeKClFch', 'H3PiVz5cdlS', '201504', 'LDmTsQdoXs5', '7.0', ''),
(5274, 'kphDeKClFch', 'fgGcpHh5Bl6', '201504', 'HMJ9YZLMqo3', '70.0', ''),
(5275, 'kphDeKClFch', 'H3PiVz5cdlS', '201503', 'LDmTsQdoXs5', '135.0', ''),
(5276, 'kphDeKClFch', 'H3PiVz5cdlS', '201503', 'qrh0ydN5iqx', '60.0', ''),
(5277, 'kphDeKClFch', 'MnMPmhXaWns', '201504', 'EJ8nUfcupBq', '50.0', ''),
(5278, 'kphDeKClFch', 'nNhisoZuTzR', '201505', 'v0szLFkFN1L', '5802.0', ''),
(5279, 'kphDeKClFch', 'H3PiVz5cdlS', '201504', 'UbFZzGAky0H', '20.0', ''),
(5280, 'kphDeKClFch', 'nNhisoZuTzR', '201503', 'v0szLFkFN1L', '27009.0', ''),
(5281, 'kphDeKClFch', 'nNhisoZuTzR', '201504', 'v0szLFkFN1L', '17590.0', ''),
(5282, 'kphDeKClFch', 'H3PiVz5cdlS', '201503', 'UbFZzGAky0H', '435.0', ''),
(5283, 'kphDeKClFch', 'fgGcpHh5Bl6', '201504', 'MT1UWZvCVUQ', '1700.0', ''),
(5284, 'kphDeKClFch', 'fgGcpHh5Bl6', '201503', 'MT1UWZvCVUQ', '2160.0', ''),
(5285, 'kphDeKClFch', 'fgGcpHh5Bl6', '201503', 'sL6cDCzo7h9', '757.0', ''),
(5286, 'kphDeKClFch', 'fgGcpHh5Bl6', '201504', 'v0szLFkFN1L', '614.0', ''),
(5287, 'kphDeKClFch', 'fgGcpHh5Bl6', '201503', 'v0szLFkFN1L', '1753.0', ''),
(5288, 'kphDeKClFch', 'fgGcpHh5Bl6', '201505', 'v0szLFkFN1L', '254.0', ''),
(5289, 'kphDeKClFch', 'fgGcpHh5Bl6', '201504', 'sL6cDCzo7h9', '140.0', ''),
(5290, 'kphDeKClFch', 'fgGcpHh5Bl6', '201505', 'sL6cDCzo7h9', '37.0', ''),
(5291, 'kphDeKClFch', 'THefpTo9qAa', '201504', 'UbFZzGAky0H', '6.0', ''),
(5292, 'kphDeKClFch', 'THefpTo9qAa', '201503', 'UbFZzGAky0H', '200.0', ''),
(5293, 'kphDeKClFch', 'H3PiVz5cdlS', '201503', 'v0szLFkFN1L', '2140.0', ''),
(5294, 'kphDeKClFch', 'nNhisoZuTzR', '201504', 'UbFZzGAky0H', '4079.0', ''),
(5295, 'kphDeKClFch', 'H3PiVz5cdlS', '201505', 'v0szLFkFN1L', '164.0', ''),
(5296, 'kphDeKClFch', 'nNhisoZuTzR', '201503', 'UbFZzGAky0H', '2731.0', ''),
(5297, 'kphDeKClFch', 'H3PiVz5cdlS', '201504', 'v0szLFkFN1L', '850.0', ''),
(5298, 'kphDeKClFch', 'MnMPmhXaWns', '201503', 'jFOwIS0MEFZ', '4.0', ''),
(5299, 'kphDeKClFch', 'H3PiVz5cdlS', '201504', 'Kk3atPpSnCh', '90.0', ''),
(5300, 'kphDeKClFch', 'nNhisoZuTzR', '201505', 'UbFZzGAky0H', '105.0', ''),
(5301, 'kphDeKClFch', 'H3PiVz5cdlS', '201503', 'Kk3atPpSnCh', '120.0', ''),
(5302, 'kphDeKClFch', 'THefpTo9qAa', '201504', 'v0szLFkFN1L', '440.0', ''),
(5303, 'kphDeKClFch', 'THefpTo9qAa', '201503', 'v0szLFkFN1L', '739.0', ''),
(5304, 'kphDeKClFch', 'nNhisoZuTzR', '201503', 'qrh0ydN5iqx', '1900.0', ''),
(5305, 'kphDeKClFch', 'nNhisoZuTzR', '201504', 'qrh0ydN5iqx', '203.0', ''),
(5306, 'kphDeKClFch', 'nNhisoZuTzR', '201505', 'qrh0ydN5iqx', '28.0', ''),
(5307, 'kphDeKClFch', 'nNhisoZuTzR', '201505', 'LDmTsQdoXs5', '924.0', ''),
(5308, 'kphDeKClFch', 'fgGcpHh5Bl6', '201505', 'ZxUQw1ay1cw', '249.0', ''),
(5309, 'kphDeKClFch', 'nNhisoZuTzR', '201504', 'LDmTsQdoXs5', '3498.0', ''),
(5310, 'kphDeKClFch', 'fgGcpHh5Bl6', '201503', 'ZxUQw1ay1cw', '1558.0', ''),
(5311, 'kphDeKClFch', 'nNhisoZuTzR', '201503', 'LDmTsQdoXs5', '14953.0', ''),
(5312, 'kphDeKClFch', 'fgGcpHh5Bl6', '201504', 'ZxUQw1ay1cw', '665.0', ''),
(5313, 'kphDeKClFch', 'THefpTo9qAa', '201505', 'ZxUQw1ay1cw', '23.0', ''),
(5314, 'kphDeKClFch', 'THefpTo9qAa', '201504', 'ZxUQw1ay1cw', '408.0', ''),
(5315, 'kphDeKClFch', 'fgGcpHh5Bl6', '201505', 'MT1UWZvCVUQ', '1220.0', ''),
(5316, 'kphDeKClFch', 'THefpTo9qAa', '201503', 'ZxUQw1ay1cw', '234.0', ''),
(5317, 'kphDeKClFch', 'MnMPmhXaWns', '201503', 'LDmTsQdoXs5', '47.0', ''),
(5318, 'kphDeKClFch', 'MnMPmhXaWns', '201504', 'LDmTsQdoXs5', '40.0', ''),
(5319, 'kphDeKClFch', 'MnMPmhXaWns', '201505', 'LDmTsQdoXs5', '5.0', ''),
(5320, 'kphDeKClFch', 'UDNKVH14KuC', '201505', 'LDmTsQdoXs5', '1.0', ''),
(5321, 'kphDeKClFch', 'UDNKVH14KuC', '201503', 'LDmTsQdoXs5', '2.0', ''),
(5322, 'kphDeKClFch', 'H3PiVz5cdlS', '201504', 'HMJ9YZLMqo3', '7.0', ''),
(5323, 'kphDeKClFch', 'H3PiVz5cdlS', '201503', 'HMJ9YZLMqo3', '135.0', ''),
(5324, 'MqnLxQBigG0', 'nNhisoZuTzR', '201504', 'EJ8nUfcupBq', '2689.0', ''),
(5325, 'MqnLxQBigG0', 'H3PiVz5cdlS', '201505', 'sL6cDCzo7h9', '38.0', ''),
(5326, 'MqnLxQBigG0', 'nNhisoZuTzR', '201503', 'EJ8nUfcupBq', '450.0', ''),
(5327, 'MqnLxQBigG0', 'H3PiVz5cdlS', '201503', 'sL6cDCzo7h9', '440.0', ''),
(5328, 'MqnLxQBigG0', 'H3PiVz5cdlS', '201504', 'sL6cDCzo7h9', '491.0', ''),
(5329, 'MqnLxQBigG0', 'fgGcpHh5Bl6', '201505', 'HMJ9YZLMqo3', '12.0', ''),
(5330, 'MqnLxQBigG0', 'H3PiVz5cdlS', '201504', 'ZxUQw1ay1cw', '1461.0', ''),
(5331, 'MqnLxQBigG0', 'H3PiVz5cdlS', '201505', 'ZxUQw1ay1cw', '237.0', ''),
(5332, 'MqnLxQBigG0', 'nNhisoZuTzR', '201505', 'EJ8nUfcupBq', '300.0', ''),
(5333, 'MqnLxQBigG0', 'H3PiVz5cdlS', '201503', 'ZxUQw1ay1cw', '2043.0', ''),
(5334, 'MqnLxQBigG0', 'H3PiVz5cdlS', '201505', 'LDmTsQdoXs5', '1.0', ''),
(5335, 'MqnLxQBigG0', 'fgGcpHh5Bl6', '201503', 'HMJ9YZLMqo3', '92.0', ''),
(5336, 'MqnLxQBigG0', 'H3PiVz5cdlS', '201504', 'LDmTsQdoXs5', '49.0', ''),
(5337, 'MqnLxQBigG0', 'H3PiVz5cdlS', '201505', 'MT1UWZvCVUQ', '40.0', ''),
(5338, 'MqnLxQBigG0', 'fgGcpHh5Bl6', '201504', 'HMJ9YZLMqo3', '59.0', ''),
(5339, 'MqnLxQBigG0', 'H3PiVz5cdlS', '201503', 'LDmTsQdoXs5', '55.0', ''),
(5340, 'MqnLxQBigG0', 'H3PiVz5cdlS', '201504', 'MT1UWZvCVUQ', '40.0', ''),
(5341, 'MqnLxQBigG0', 'H3PiVz5cdlS', '201503', 'MT1UWZvCVUQ', '70.0', ''),
(5342, 'MqnLxQBigG0', 'H3PiVz5cdlS', '201503', 'qrh0ydN5iqx', '4.0', ''),
(5343, 'MqnLxQBigG0', 'MnMPmhXaWns', '201503', 'EJ8nUfcupBq', '50.0', ''),
(5344, 'MqnLxQBigG0', 'nNhisoZuTzR', '201505', 'v0szLFkFN1L', '4947.0', ''),
(5345, 'MqnLxQBigG0', 'H3PiVz5cdlS', '201505', 'UbFZzGAky0H', '119.0', ''),
(5346, 'MqnLxQBigG0', 'nNhisoZuTzR', '201503', 'v0szLFkFN1L', '37299.0', ''),
(5347, 'MqnLxQBigG0', 'nNhisoZuTzR', '201504', 'v0szLFkFN1L', '31415.0', ''),
(5348, 'MqnLxQBigG0', 'THefpTo9qAa', '201505', 'MT1UWZvCVUQ', '50.0', ''),
(5349, 'MqnLxQBigG0', 'fgGcpHh5Bl6', '201504', 'MT1UWZvCVUQ', '60.0', ''),
(5350, 'MqnLxQBigG0', 'H3PiVz5cdlS', '201503', 'jFOwIS0MEFZ', '21.0', ''),
(5351, 'MqnLxQBigG0', 'fgGcpHh5Bl6', '201503', 'MT1UWZvCVUQ', '220.0', ''),
(5352, 'MqnLxQBigG0', 'H3PiVz5cdlS', '201504', 'jFOwIS0MEFZ', '19.0', ''),
(5353, 'MqnLxQBigG0', 'H3PiVz5cdlS', '201505', 'jFOwIS0MEFZ', '28.0', ''),
(5354, 'MqnLxQBigG0', 'MnMPmhXaWns', '201503', 'v0szLFkFN1L', '50.0', ''),
(5355, 'MqnLxQBigG0', 'fgGcpHh5Bl6', '201503', 'qrh0ydN5iqx', '4.0', ''),
(5356, 'MqnLxQBigG0', 'fgGcpHh5Bl6', '201503', 'sL6cDCzo7h9', '277.0', ''),
(5357, 'MqnLxQBigG0', 'nNhisoZuTzR', '201503', 'Kk3atPpSnCh', '1563.0', ''),
(5358, 'MqnLxQBigG0', 'nNhisoZuTzR', '201504', 'Kk3atPpSnCh', '30.0', ''),
(5359, 'MqnLxQBigG0', 'fgGcpHh5Bl6', '201504', 'v0szLFkFN1L', '6371.0', ''),
(5360, 'MqnLxQBigG0', 'fgGcpHh5Bl6', '201503', 'Kk3atPpSnCh', '228.0', ''),
(5361, 'MqnLxQBigG0', 'fgGcpHh5Bl6', '201503', 'v0szLFkFN1L', '6323.0', ''),
(5362, 'MqnLxQBigG0', 'fgGcpHh5Bl6', '201505', 'v0szLFkFN1L', '850.0', ''),
(5363, 'MqnLxQBigG0', 'fgGcpHh5Bl6', '201504', 'sL6cDCzo7h9', '545.0', ''),
(5364, 'MqnLxQBigG0', 'fgGcpHh5Bl6', '201505', 'sL6cDCzo7h9', '167.0', ''),
(5365, 'MqnLxQBigG0', 'nNhisoZuTzR', '201503', 'jFOwIS0MEFZ', '186.0', ''),
(5366, 'MqnLxQBigG0', 'nNhisoZuTzR', '201505', 'jFOwIS0MEFZ', '8.0', ''),
(5367, 'MqnLxQBigG0', 'nNhisoZuTzR', '201504', 'jFOwIS0MEFZ', '6.0', ''),
(5368, 'MqnLxQBigG0', 'fgGcpHh5Bl6', '201505', 'UbFZzGAky0H', '268.0', ''),
(5369, 'MqnLxQBigG0', 'H3PiVz5cdlS', '201503', 'v0szLFkFN1L', '2063.0', ''),
(5370, 'MqnLxQBigG0', 'nNhisoZuTzR', '201504', 'UbFZzGAky0H', '645.0', ''),
(5371, 'MqnLxQBigG0', 'H3PiVz5cdlS', '201505', 'v0szLFkFN1L', '307.0', ''),
(5372, 'MqnLxQBigG0', 'nNhisoZuTzR', '201503', 'UbFZzGAky0H', '188.0', ''),
(5373, 'MqnLxQBigG0', 'H3PiVz5cdlS', '201504', 'v0szLFkFN1L', '1473.0', ''),
(5374, 'MqnLxQBigG0', 'nNhisoZuTzR', '201505', 'UbFZzGAky0H', '832.0', ''),
(5375, 'MqnLxQBigG0', 'H3PiVz5cdlS', '201503', 'Kk3atPpSnCh', '33.0', ''),
(5376, 'MqnLxQBigG0', 'fgGcpHh5Bl6', '201505', 'jFOwIS0MEFZ', '2.0', ''),
(5377, 'MqnLxQBigG0', 'fgGcpHh5Bl6', '201504', 'jFOwIS0MEFZ', '2.0', ''),
(5378, 'MqnLxQBigG0', 'fgGcpHh5Bl6', '201503', 'jFOwIS0MEFZ', '133.0', ''),
(5379, 'MqnLxQBigG0', 'nNhisoZuTzR', '201503', 'HMJ9YZLMqo3', '1661.0', ''),
(5380, 'MqnLxQBigG0', 'nNhisoZuTzR', '201504', 'HMJ9YZLMqo3', '1368.0', ''),
(5381, 'MqnLxQBigG0', 'nNhisoZuTzR', '201505', 'MT1UWZvCVUQ', '300.0', ''),
(5382, 'MqnLxQBigG0', 'nNhisoZuTzR', '201504', 'MT1UWZvCVUQ', '730.0', ''),
(5383, 'MqnLxQBigG0', 'nNhisoZuTzR', '201505', 'HMJ9YZLMqo3', '338.0', ''),
(5384, 'MqnLxQBigG0', 'nNhisoZuTzR', '201503', 'MT1UWZvCVUQ', '1600.0', ''),
(5385, 'MqnLxQBigG0', 'nNhisoZuTzR', '201503', 'qrh0ydN5iqx', '15.0', ''),
(5386, 'MqnLxQBigG0', 'nNhisoZuTzR', '201504', 'qrh0ydN5iqx', '89.0', ''),
(5387, 'MqnLxQBigG0', 'fgGcpHh5Bl6', '201503', 'LDmTsQdoXs5', '83.0', ''),
(5388, 'MqnLxQBigG0', 'nNhisoZuTzR', '201504', 'sL6cDCzo7h9', '6089.0', ''),
(5389, 'MqnLxQBigG0', 'nNhisoZuTzR', '201505', 'sL6cDCzo7h9', '950.0', ''),
(5390, 'MqnLxQBigG0', 'MnMPmhXaWns', '201503', 'HMJ9YZLMqo3', '29.0', ''),
(5391, 'MqnLxQBigG0', 'nNhisoZuTzR', '201503', 'sL6cDCzo7h9', '4380.0', ''),
(5392, 'MqnLxQBigG0', 'fgGcpHh5Bl6', '201505', 'LDmTsQdoXs5', '10.0', ''),
(5393, 'MqnLxQBigG0', 'fgGcpHh5Bl6', '201504', 'EJ8nUfcupBq', '60.0', ''),
(5394, 'MqnLxQBigG0', 'fgGcpHh5Bl6', '201504', 'LDmTsQdoXs5', '58.0', ''),
(5395, 'MqnLxQBigG0', 'fgGcpHh5Bl6', '201503', 'EJ8nUfcupBq', '100.0', ''),
(5396, 'MqnLxQBigG0', 'nNhisoZuTzR', '201505', 'LDmTsQdoXs5', '330.0', ''),
(5397, 'MqnLxQBigG0', 'fgGcpHh5Bl6', '201505', 'ZxUQw1ay1cw', '619.0', ''),
(5398, 'MqnLxQBigG0', 'nNhisoZuTzR', '201504', 'LDmTsQdoXs5', '1352.0', ''),
(5399, 'MqnLxQBigG0', 'nNhisoZuTzR', '201503', 'LDmTsQdoXs5', '1639.0', ''),
(5400, 'MqnLxQBigG0', 'fgGcpHh5Bl6', '201503', 'ZxUQw1ay1cw', '5869.0', ''),
(5401, 'MqnLxQBigG0', 'fgGcpHh5Bl6', '201504', 'ZxUQw1ay1cw', '6263.0', ''),
(5402, 'MqnLxQBigG0', 'fgGcpHh5Bl6', '201505', 'MT1UWZvCVUQ', '60.0', ''),
(5403, 'MqnLxQBigG0', 'H3PiVz5cdlS', '201504', 'EJ8nUfcupBq', '1.0', ''),
(5404, 'MqnLxQBigG0', 'nNhisoZuTzR', '201505', 'ZxUQw1ay1cw', '4076.0', ''),
(5405, 'MqnLxQBigG0', 'H3PiVz5cdlS', '201503', 'EJ8nUfcupBq', '50.0', ''),
(5406, 'MqnLxQBigG0', 'nNhisoZuTzR', '201503', 'ZxUQw1ay1cw', '34842.0', ''),
(5407, 'MqnLxQBigG0', 'nNhisoZuTzR', '201504', 'ZxUQw1ay1cw', '33829.0', ''),
(5408, 'MqnLxQBigG0', 'MnMPmhXaWns', '201503', 'LDmTsQdoXs5', '29.0', ''),
(5409, 'MqnLxQBigG0', 'H3PiVz5cdlS', '201504', 'HMJ9YZLMqo3', '49.0', ''),
(5410, 'MqnLxQBigG0', 'H3PiVz5cdlS', '201505', 'HMJ9YZLMqo3', '2.0', ''),
(5411, 'MqnLxQBigG0', 'H3PiVz5cdlS', '201503', 'HMJ9YZLMqo3', '141.0', ''),
(5412, 'mThvosEflAU', 'nNhisoZuTzR', '201504', 'EJ8nUfcupBq', '5070.0', ''),
(5413, 'mThvosEflAU', 'H3PiVz5cdlS', '201505', 'sL6cDCzo7h9', '446.0', ''),
(5414, 'mThvosEflAU', 'nNhisoZuTzR', '201503', 'EJ8nUfcupBq', '7082.0', ''),
(5415, 'mThvosEflAU', 'H3PiVz5cdlS', '201503', 'sL6cDCzo7h9', '51.0', ''),
(5416, 'mThvosEflAU', 'H3PiVz5cdlS', '201504', 'sL6cDCzo7h9', '19.0', ''),
(5417, 'mThvosEflAU', 'nNhisoZuTzR', '201505', 'EJ8nUfcupBq', '1350.0', ''),
(5418, 'mThvosEflAU', 'THefpTo9qAa', '201505', 'HMJ9YZLMqo3', '17.0', ''),
(5419, 'mThvosEflAU', 'H3PiVz5cdlS', '201505', 'MT1UWZvCVUQ', '250.0', ''),
(5420, 'mThvosEflAU', 'H3PiVz5cdlS', '201504', 'MT1UWZvCVUQ', '370.0', ''),
(5421, 'mThvosEflAU', 'H3PiVz5cdlS', '201503', 'MT1UWZvCVUQ', '420.0', ''),
(5422, 'mThvosEflAU', 'THefpTo9qAa', '201503', 'HMJ9YZLMqo3', '159.0', ''),
(5423, 'mThvosEflAU', 'THefpTo9qAa', '201503', 'MT1UWZvCVUQ', '1150.0', ''),
(5424, 'mThvosEflAU', 'THefpTo9qAa', '201504', 'MT1UWZvCVUQ', '100.0', ''),
(5425, 'mThvosEflAU', 'THefpTo9qAa', '201505', 'MT1UWZvCVUQ', '50.0', ''),
(5426, 'mThvosEflAU', 'H3PiVz5cdlS', '201505', 'jFOwIS0MEFZ', '65.0', ''),
(5427, 'mThvosEflAU', 'MnMPmhXaWns', '201504', 'v0szLFkFN1L', '175.0', ''),
(5428, 'mThvosEflAU', 'MnMPmhXaWns', '201503', 'v0szLFkFN1L', '3087.0', ''),
(5429, 'mThvosEflAU', 'fgGcpHh5Bl6', '201503', 'qrh0ydN5iqx', '31.0', ''),
(5430, 'mThvosEflAU', 'fgGcpHh5Bl6', '201504', 'qrh0ydN5iqx', '14.0', ''),
(5431, 'mThvosEflAU', 'nNhisoZuTzR', '201503', 'Kk3atPpSnCh', '18.0', ''),
(5432, 'mThvosEflAU', 'nNhisoZuTzR', '201504', 'Kk3atPpSnCh', '451.0', ''),
(5433, 'mThvosEflAU', 'fgGcpHh5Bl6', '201505', 'qrh0ydN5iqx', '9.0', ''),
(5434, 'mThvosEflAU', 'THefpTo9qAa', '201505', 'v0szLFkFN1L', '51.0', ''),
(5435, 'mThvosEflAU', 'nNhisoZuTzR', '201503', 'jFOwIS0MEFZ', '12.0', ''),
(5436, 'mThvosEflAU', 'nNhisoZuTzR', '201505', 'jFOwIS0MEFZ', '150.0', ''),
(5437, 'mThvosEflAU', 'nNhisoZuTzR', '201504', 'jFOwIS0MEFZ', '97.0', ''),
(5438, 'mThvosEflAU', 'fgGcpHh5Bl6', '201504', 'Kk3atPpSnCh', '120.0', ''),
(5439, 'mThvosEflAU', 'fgGcpHh5Bl6', '201503', 'UbFZzGAky0H', '32.0', ''),
(5440, 'mThvosEflAU', 'fgGcpHh5Bl6', '201504', 'UbFZzGAky0H', '165.0', ''),
(5441, 'mThvosEflAU', 'fgGcpHh5Bl6', '201505', 'jFOwIS0MEFZ', '26.0', ''),
(5442, 'mThvosEflAU', 'fgGcpHh5Bl6', '201504', 'jFOwIS0MEFZ', '13.0', ''),
(5443, 'mThvosEflAU', 'fgGcpHh5Bl6', '201503', 'jFOwIS0MEFZ', '4.0', ''),
(5444, 'mThvosEflAU', 'nNhisoZuTzR', '201503', 'HMJ9YZLMqo3', '5092.0', ''),
(5445, 'mThvosEflAU', 'nNhisoZuTzR', '201504', 'HMJ9YZLMqo3', '2465.0', ''),
(5446, 'mThvosEflAU', 'nNhisoZuTzR', '201505', 'MT1UWZvCVUQ', '1850.0', ''),
(5447, 'mThvosEflAU', 'nNhisoZuTzR', '201504', 'MT1UWZvCVUQ', '2950.0', ''),
(5448, 'mThvosEflAU', 'nNhisoZuTzR', '201505', 'HMJ9YZLMqo3', '1766.0', ''),
(5449, 'mThvosEflAU', 'nNhisoZuTzR', '201503', 'MT1UWZvCVUQ', '5250.0', ''),
(5450, 'mThvosEflAU', 'MnMPmhXaWns', '201504', 'MT1UWZvCVUQ', '380.0', ''),
(5451, 'mThvosEflAU', 'MnMPmhXaWns', '201503', 'MT1UWZvCVUQ', '300.0', ''),
(5452, 'mThvosEflAU', 'fgGcpHh5Bl6', '201503', 'LDmTsQdoXs5', '322.0', ''),
(5453, 'mThvosEflAU', 'nNhisoZuTzR', '201504', 'sL6cDCzo7h9', '2404.0', ''),
(5454, 'mThvosEflAU', 'MnMPmhXaWns', '201503', 'Kk3atPpSnCh', '30.0', ''),
(5455, 'mThvosEflAU', 'nNhisoZuTzR', '201505', 'sL6cDCzo7h9', '498.0', ''),
(5456, 'mThvosEflAU', 'MnMPmhXaWns', '201503', 'HMJ9YZLMqo3', '959.0', ''),
(5457, 'mThvosEflAU', 'nNhisoZuTzR', '201503', 'sL6cDCzo7h9', '7976.0', ''),
(5458, 'mThvosEflAU', 'MnMPmhXaWns', '201504', 'HMJ9YZLMqo3', '162.0', ''),
(5459, 'mThvosEflAU', 'MnMPmhXaWns', '201504', 'Kk3atPpSnCh', '1.0', ''),
(5460, 'mThvosEflAU', 'fgGcpHh5Bl6', '201505', 'EJ8nUfcupBq', '560.0', ''),
(5461, 'mThvosEflAU', 'THefpTo9qAa', '201505', 'LDmTsQdoXs5', '8.0', ''),
(5462, 'mThvosEflAU', 'fgGcpHh5Bl6', '201505', 'LDmTsQdoXs5', '92.0', ''),
(5463, 'mThvosEflAU', 'fgGcpHh5Bl6', '201504', 'EJ8nUfcupBq', '386.0', ''),
(5464, 'mThvosEflAU', 'fgGcpHh5Bl6', '201504', 'LDmTsQdoXs5', '313.0', ''),
(5465, 'mThvosEflAU', 'fgGcpHh5Bl6', '201503', 'EJ8nUfcupBq', '789.0', ''),
(5466, 'mThvosEflAU', 'THefpTo9qAa', '201503', 'LDmTsQdoXs5', '159.0', ''),
(5467, 'mThvosEflAU', 'H3PiVz5cdlS', '201505', 'EJ8nUfcupBq', '250.0', ''),
(5468, 'mThvosEflAU', 'H3PiVz5cdlS', '201504', 'EJ8nUfcupBq', '43.0', ''),
(5469, 'mThvosEflAU', 'nNhisoZuTzR', '201505', 'ZxUQw1ay1cw', '11309.0', ''),
(5470, 'mThvosEflAU', 'H3PiVz5cdlS', '201503', 'EJ8nUfcupBq', '274.0', ''),
(5471, 'mThvosEflAU', 'MnMPmhXaWns', '201503', 'ZxUQw1ay1cw', '2318.0', ''),
(5472, 'mThvosEflAU', 'MnMPmhXaWns', '201504', 'ZxUQw1ay1cw', '125.0', ''),
(5473, 'mThvosEflAU', 'nNhisoZuTzR', '201503', 'ZxUQw1ay1cw', '45473.0', ''),
(5474, 'mThvosEflAU', 'nNhisoZuTzR', '201504', 'ZxUQw1ay1cw', '18301.0', ''),
(5475, 'mThvosEflAU', 'fgGcpHh5Bl6', '201505', 'HMJ9YZLMqo3', '86.0', ''),
(5476, 'mThvosEflAU', 'H3PiVz5cdlS', '201504', 'ZxUQw1ay1cw', '1071.0', ''),
(5477, 'mThvosEflAU', 'H3PiVz5cdlS', '201505', 'ZxUQw1ay1cw', '716.0', ''),
(5478, 'mThvosEflAU', 'H3PiVz5cdlS', '201503', 'ZxUQw1ay1cw', '1805.0', ''),
(5479, 'mThvosEflAU', 'H3PiVz5cdlS', '201505', 'LDmTsQdoXs5', '28.0', ''),
(5480, 'mThvosEflAU', 'fgGcpHh5Bl6', '201503', 'HMJ9YZLMqo3', '288.0', ''),
(5481, 'mThvosEflAU', 'H3PiVz5cdlS', '201504', 'LDmTsQdoXs5', '83.0', ''),
(5482, 'mThvosEflAU', 'fgGcpHh5Bl6', '201504', 'HMJ9YZLMqo3', '246.0', ''),
(5483, 'mThvosEflAU', 'H3PiVz5cdlS', '201503', 'LDmTsQdoXs5', '83.0', ''),
(5484, 'mThvosEflAU', 'H3PiVz5cdlS', '201503', 'qrh0ydN5iqx', '21.0', ''),
(5485, 'mThvosEflAU', 'H3PiVz5cdlS', '201504', 'qrh0ydN5iqx', '7.0', ''),
(5486, 'mThvosEflAU', 'MnMPmhXaWns', '201504', 'EJ8nUfcupBq', '100.0', ''),
(5487, 'mThvosEflAU', 'MnMPmhXaWns', '201503', 'EJ8nUfcupBq', '150.0', ''),
(5488, 'mThvosEflAU', 'nNhisoZuTzR', '201505', 'v0szLFkFN1L', '11994.0', ''),
(5489, 'mThvosEflAU', 'H3PiVz5cdlS', '201504', 'UbFZzGAky0H', '45.0', ''),
(5490, 'mThvosEflAU', 'H3PiVz5cdlS', '201505', 'UbFZzGAky0H', '68.0', ''),
(5491, 'mThvosEflAU', 'nNhisoZuTzR', '201503', 'v0szLFkFN1L', '44172.0', ''),
(5492, 'mThvosEflAU', 'nNhisoZuTzR', '201504', 'v0szLFkFN1L', '17115.0', ''),
(5493, 'mThvosEflAU', 'H3PiVz5cdlS', '201503', 'UbFZzGAky0H', '10.0', ''),
(5494, 'mThvosEflAU', 'fgGcpHh5Bl6', '201504', 'MT1UWZvCVUQ', '1050.0', ''),
(5495, 'mThvosEflAU', 'fgGcpHh5Bl6', '201503', 'MT1UWZvCVUQ', '313.0', ''),
(5496, 'mThvosEflAU', 'fgGcpHh5Bl6', '201503', 'sL6cDCzo7h9', '533.0', ''),
(5497, 'mThvosEflAU', 'THefpTo9qAa', '201504', 'Kk3atPpSnCh', '30.0', ''),
(5498, 'mThvosEflAU', 'fgGcpHh5Bl6', '201504', 'v0szLFkFN1L', '3279.0', ''),
(5499, 'mThvosEflAU', 'fgGcpHh5Bl6', '201503', 'v0szLFkFN1L', '6372.0', ''),
(5500, 'mThvosEflAU', 'fgGcpHh5Bl6', '201505', 'v0szLFkFN1L', '2182.0', ''),
(5501, 'mThvosEflAU', 'fgGcpHh5Bl6', '201504', 'sL6cDCzo7h9', '125.0', ''),
(5502, 'mThvosEflAU', 'THefpTo9qAa', '201503', 'Kk3atPpSnCh', '31.0', ''),
(5503, 'mThvosEflAU', 'fgGcpHh5Bl6', '201505', 'sL6cDCzo7h9', '170.0', ''),
(5504, 'mThvosEflAU', 'H3PiVz5cdlS', '201503', 'v0szLFkFN1L', '1660.0', ''),
(5505, 'mThvosEflAU', 'nNhisoZuTzR', '201504', 'UbFZzGAky0H', '1220.0', ''),
(5506, 'mThvosEflAU', 'H3PiVz5cdlS', '201505', 'v0szLFkFN1L', '887.0', ''),
(5507, 'mThvosEflAU', 'MnMPmhXaWns', '201504', 'jFOwIS0MEFZ', '2.0', ''),
(5508, 'mThvosEflAU', 'nNhisoZuTzR', '201503', 'UbFZzGAky0H', '196.0', ''),
(5509, 'mThvosEflAU', 'H3PiVz5cdlS', '201504', 'v0szLFkFN1L', '1395.0', ''),
(5510, 'mThvosEflAU', 'MnMPmhXaWns', '201503', 'jFOwIS0MEFZ', '6.0', ''),
(5511, 'mThvosEflAU', 'H3PiVz5cdlS', '201504', 'Kk3atPpSnCh', '78.0', ''),
(5512, 'mThvosEflAU', 'nNhisoZuTzR', '201505', 'UbFZzGAky0H', '322.0', ''),
(5513, 'mThvosEflAU', 'THefpTo9qAa', '201503', 'v0szLFkFN1L', '127.0', ''),
(5514, 'mThvosEflAU', 'nNhisoZuTzR', '201503', 'qrh0ydN5iqx', '173.0', ''),
(5515, 'mThvosEflAU', 'nNhisoZuTzR', '201504', 'qrh0ydN5iqx', '64.0', ''),
(5516, 'mThvosEflAU', 'nNhisoZuTzR', '201505', 'qrh0ydN5iqx', '9.0', ''),
(5517, 'mThvosEflAU', 'nNhisoZuTzR', '201505', 'LDmTsQdoXs5', '1343.0', ''),
(5518, 'mThvosEflAU', 'fgGcpHh5Bl6', '201505', 'ZxUQw1ay1cw', '2021.0', ''),
(5519, 'mThvosEflAU', 'nNhisoZuTzR', '201504', 'LDmTsQdoXs5', '2767.0', ''),
(5520, 'mThvosEflAU', 'fgGcpHh5Bl6', '201503', 'ZxUQw1ay1cw', '6722.0', ''),
(5521, 'mThvosEflAU', 'nNhisoZuTzR', '201503', 'LDmTsQdoXs5', '5147.0', ''),
(5522, 'mThvosEflAU', 'fgGcpHh5Bl6', '201504', 'ZxUQw1ay1cw', '3210.0', ''),
(5523, 'mThvosEflAU', 'THefpTo9qAa', '201505', 'ZxUQw1ay1cw', '34.0', ''),
(5524, 'mThvosEflAU', 'fgGcpHh5Bl6', '201505', 'MT1UWZvCVUQ', '620.0', ''),
(5525, 'mThvosEflAU', 'THefpTo9qAa', '201503', 'ZxUQw1ay1cw', '238.0', ''),
(5526, 'mThvosEflAU', 'MnMPmhXaWns', '201503', 'qrh0ydN5iqx', '40.0', ''),
(5527, 'mThvosEflAU', 'MnMPmhXaWns', '201503', 'LDmTsQdoXs5', '961.0', ''),
(5528, 'mThvosEflAU', 'MnMPmhXaWns', '201504', 'LDmTsQdoXs5', '152.0', ''),
(5529, 'mThvosEflAU', 'H3PiVz5cdlS', '201504', 'HMJ9YZLMqo3', '29.0', ''),
(5530, 'mThvosEflAU', 'H3PiVz5cdlS', '201505', 'HMJ9YZLMqo3', '20.0', ''),
(5531, 'mThvosEflAU', 'H3PiVz5cdlS', '201503', 'HMJ9YZLMqo3', '49.0', ''),
(5532, 'mYZacFNIB3h', 'nNhisoZuTzR', '201503', 'EJ8nUfcupBq', '650.0', ''),
(5533, 'mYZacFNIB3h', 'fgGcpHh5Bl6', '201503', 'ZxUQw1ay1cw', '1251.0', ''),
(5534, 'mYZacFNIB3h', 'nNhisoZuTzR', '201503', 'LDmTsQdoXs5', '1180.0', ''),
(5535, 'mYZacFNIB3h', 'H3PiVz5cdlS', '201503', 'ZxUQw1ay1cw', '323.0', ''),
(5536, 'mYZacFNIB3h', 'fgGcpHh5Bl6', '201503', 'HMJ9YZLMqo3', '24.0', ''),
(5537, 'mYZacFNIB3h', 'H3PiVz5cdlS', '201503', 'EJ8nUfcupBq', '40.0', ''),
(5538, 'mYZacFNIB3h', 'fgGcpHh5Bl6', '201503', 'v0szLFkFN1L', '1375.0', ''),
(5539, 'mYZacFNIB3h', 'H3PiVz5cdlS', '201503', 'LDmTsQdoXs5', '14.0', ''),
(5540, 'mYZacFNIB3h', 'nNhisoZuTzR', '201503', 'ZxUQw1ay1cw', '6391.0', ''),
(5541, 'mYZacFNIB3h', 'nNhisoZuTzR', '201503', 'HMJ9YZLMqo3', '1180.0', ''),
(5542, 'mYZacFNIB3h', 'nNhisoZuTzR', '201503', 'v0szLFkFN1L', '7575.0', ''),
(5543, 'mYZacFNIB3h', 'nNhisoZuTzR', '201503', 'MT1UWZvCVUQ', '500.0', ''),
(5544, 'mYZacFNIB3h', 'fgGcpHh5Bl6', '201503', 'UbFZzGAky0H', '120.0', ''),
(5545, 'mYZacFNIB3h', 'H3PiVz5cdlS', '201503', 'v0szLFkFN1L', '298.0', ''),
(5546, 'mYZacFNIB3h', 'fgGcpHh5Bl6', '201503', 'LDmTsQdoXs5', '24.0', ''),
(5547, 'mYZacFNIB3h', 'nNhisoZuTzR', '201503', 'UbFZzGAky0H', '650.0', ''),
(5548, 'mYZacFNIB3h', 'fgGcpHh5Bl6', '201503', 'EJ8nUfcupBq', '60.0', ''),
(5549, 'mYZacFNIB3h', 'H3PiVz5cdlS', '201503', 'HMJ9YZLMqo3', '14.0', ''),
(5550, 'N7YETT3A9r1', 'nNhisoZuTzR', '201504', 'EJ8nUfcupBq', '3250.0', ''),
(5551, 'N7YETT3A9r1', 'nNhisoZuTzR', '201503', 'EJ8nUfcupBq', '9100.0', ''),
(5552, 'N7YETT3A9r1', 'H3PiVz5cdlS', '201503', 'sL6cDCzo7h9', '131.0', ''),
(5553, 'N7YETT3A9r1', 'H3PiVz5cdlS', '201504', 'sL6cDCzo7h9', '60.0', ''),
(5554, 'N7YETT3A9r1', 'H3PiVz5cdlS', '201504', 'ZxUQw1ay1cw', '761.0', ''),
(5555, 'N7YETT3A9r1', 'H3PiVz5cdlS', '201503', 'ZxUQw1ay1cw', '2576.0', ''),
(5556, 'N7YETT3A9r1', 'fgGcpHh5Bl6', '201503', 'HMJ9YZLMqo3', '157.0', ''),
(5557, 'N7YETT3A9r1', 'H3PiVz5cdlS', '201504', 'LDmTsQdoXs5', '6.0', ''),
(5558, 'N7YETT3A9r1', 'fgGcpHh5Bl6', '201504', 'HMJ9YZLMqo3', '36.0', ''),
(5559, 'N7YETT3A9r1', 'H3PiVz5cdlS', '201503', 'LDmTsQdoXs5', '56.0', ''),
(5560, 'N7YETT3A9r1', 'H3PiVz5cdlS', '201504', 'MT1UWZvCVUQ', '20.0', ''),
(5561, 'N7YETT3A9r1', 'H3PiVz5cdlS', '201503', 'MT1UWZvCVUQ', '20.0', ''),
(5562, 'N7YETT3A9r1', 'MnMPmhXaWns', '201503', 'EJ8nUfcupBq', '400.0', ''),
(5563, 'N7YETT3A9r1', 'nNhisoZuTzR', '201503', 'v0szLFkFN1L', '16327.0', ''),
(5564, 'N7YETT3A9r1', 'THefpTo9qAa', '201503', 'MT1UWZvCVUQ', '50.0', ''),
(5565, 'N7YETT3A9r1', 'nNhisoZuTzR', '201504', 'v0szLFkFN1L', '9253.0', ''),
(5566, 'N7YETT3A9r1', 'H3PiVz5cdlS', '201503', 'UbFZzGAky0H', '93.0', ''),
(5567, 'N7YETT3A9r1', 'fgGcpHh5Bl6', '201504', 'MT1UWZvCVUQ', '30.0', ''),
(5568, 'N7YETT3A9r1', 'fgGcpHh5Bl6', '201503', 'MT1UWZvCVUQ', '55.0', ''),
(5569, 'N7YETT3A9r1', 'MnMPmhXaWns', '201503', 'v0szLFkFN1L', '910.0', ''),
(5570, 'N7YETT3A9r1', 'THefpTo9qAa', '201503', 'qrh0ydN5iqx', '90.0', ''),
(5571, 'N7YETT3A9r1', 'fgGcpHh5Bl6', '201503', 'qrh0ydN5iqx', '1.0', ''),
(5572, 'N7YETT3A9r1', 'fgGcpHh5Bl6', '201503', 'sL6cDCzo7h9', '197.0', ''),
(5573, 'N7YETT3A9r1', 'nNhisoZuTzR', '201503', 'Kk3atPpSnCh', '15.0', ''),
(5574, 'N7YETT3A9r1', 'fgGcpHh5Bl6', '201504', 'v0szLFkFN1L', '1279.0', ''),
(5575, 'N7YETT3A9r1', 'fgGcpHh5Bl6', '201503', 'v0szLFkFN1L', '4292.0', ''),
(5576, 'N7YETT3A9r1', 'fgGcpHh5Bl6', '201504', 'sL6cDCzo7h9', '125.0', ''),
(5577, 'N7YETT3A9r1', 'nNhisoZuTzR', '201504', 'jFOwIS0MEFZ', '10.0', ''),
(5578, 'N7YETT3A9r1', 'fgGcpHh5Bl6', '201503', 'UbFZzGAky0H', '90.0', ''),
(5579, 'N7YETT3A9r1', 'H3PiVz5cdlS', '201503', 'v0szLFkFN1L', '2376.0', ''),
(5580, 'N7YETT3A9r1', 'MnMPmhXaWns', '201503', 'UbFZzGAky0H', '21.0', ''),
(5581, 'N7YETT3A9r1', 'nNhisoZuTzR', '201504', 'UbFZzGAky0H', '1100.0', ''),
(5582, 'N7YETT3A9r1', 'nNhisoZuTzR', '201503', 'UbFZzGAky0H', '302.0', ''),
(5583, 'N7YETT3A9r1', 'H3PiVz5cdlS', '201504', 'v0szLFkFN1L', '727.0', ''),
(5584, 'N7YETT3A9r1', 'fgGcpHh5Bl6', '201504', 'jFOwIS0MEFZ', '10.0', ''),
(5585, 'N7YETT3A9r1', 'fgGcpHh5Bl6', '201503', 'jFOwIS0MEFZ', '2.0', ''),
(5586, 'N7YETT3A9r1', 'iQvswzF7Zcr', '201503', 'ZxUQw1ay1cw', '18.0', ''),
(5587, 'N7YETT3A9r1', 'nNhisoZuTzR', '201503', 'HMJ9YZLMqo3', '4447.0', ''),
(5588, 'N7YETT3A9r1', 'nNhisoZuTzR', '201504', 'HMJ9YZLMqo3', '876.0', ''),
(5589, 'N7YETT3A9r1', 'nNhisoZuTzR', '201504', 'MT1UWZvCVUQ', '450.0', ''),
(5590, 'N7YETT3A9r1', 'nNhisoZuTzR', '201503', 'MT1UWZvCVUQ', '4200.0', ''),
(5591, 'N7YETT3A9r1', 'MnMPmhXaWns', '201503', 'MT1UWZvCVUQ', '950.0', ''),
(5592, 'N7YETT3A9r1', 'nNhisoZuTzR', '201503', 'qrh0ydN5iqx', '240.0', ''),
(5593, 'N7YETT3A9r1', 'nNhisoZuTzR', '201504', 'sL6cDCzo7h9', '425.0', ''),
(5594, 'N7YETT3A9r1', 'fgGcpHh5Bl6', '201503', 'LDmTsQdoXs5', '146.0', ''),
(5595, 'N7YETT3A9r1', 'MnMPmhXaWns', '201503', 'HMJ9YZLMqo3', '372.0', ''),
(5596, 'N7YETT3A9r1', 'nNhisoZuTzR', '201503', 'sL6cDCzo7h9', '85.0', ''),
(5597, 'N7YETT3A9r1', 'MnMPmhXaWns', '201503', 'sL6cDCzo7h9', '288.0', ''),
(5598, 'N7YETT3A9r1', 'fgGcpHh5Bl6', '201504', 'EJ8nUfcupBq', '270.0', ''),
(5599, 'N7YETT3A9r1', 'fgGcpHh5Bl6', '201503', 'EJ8nUfcupBq', '750.0', ''),
(5600, 'N7YETT3A9r1', 'fgGcpHh5Bl6', '201504', 'LDmTsQdoXs5', '36.0', ''),
(5601, 'N7YETT3A9r1', 'nNhisoZuTzR', '201504', 'LDmTsQdoXs5', '860.0', ''),
(5602, 'N7YETT3A9r1', 'fgGcpHh5Bl6', '201503', 'ZxUQw1ay1cw', '4541.0', ''),
(5603, 'N7YETT3A9r1', 'nNhisoZuTzR', '201503', 'LDmTsQdoXs5', '4332.0', ''),
(5604, 'N7YETT3A9r1', 'fgGcpHh5Bl6', '201504', 'ZxUQw1ay1cw', '1508.0', ''),
(5605, 'N7YETT3A9r1', 'THefpTo9qAa', '201503', 'ZxUQw1ay1cw', '22.0', ''),
(5606, 'N7YETT3A9r1', 'H3PiVz5cdlS', '201504', 'EJ8nUfcupBq', '40.0', ''),
(5607, 'N7YETT3A9r1', 'H3PiVz5cdlS', '201503', 'EJ8nUfcupBq', '460.0', ''),
(5608, 'N7YETT3A9r1', 'MnMPmhXaWns', '201503', 'ZxUQw1ay1cw', '935.0', ''),
(5609, 'N7YETT3A9r1', 'nNhisoZuTzR', '201503', 'ZxUQw1ay1cw', '20843.0', ''),
(5610, 'N7YETT3A9r1', 'nNhisoZuTzR', '201504', 'ZxUQw1ay1cw', '10530.0', ''),
(5611, 'N7YETT3A9r1', 'MnMPmhXaWns', '201503', 'LDmTsQdoXs5', '354.0', ''),
(5612, 'N7YETT3A9r1', 'H3PiVz5cdlS', '201504', 'HMJ9YZLMqo3', '6.0', ''),
(5613, 'N7YETT3A9r1', 'H3PiVz5cdlS', '201503', 'HMJ9YZLMqo3', '59.0', ''),
(5614, 'nK0A12Q7MvS', 'nNhisoZuTzR', '201504', 'EJ8nUfcupBq', '1648.0', ''),
(5615, 'nK0A12Q7MvS', 'UDNKVH14KuC', '201503', 'HMJ9YZLMqo3', '672.0', ''),
(5616, 'nK0A12Q7MvS', 'nNhisoZuTzR', '201503', 'EJ8nUfcupBq', '4922.0', ''),
(5617, 'nK0A12Q7MvS', 'H3PiVz5cdlS', '201503', 'sL6cDCzo7h9', '417.0', ''),
(5618, 'nK0A12Q7MvS', 'H3PiVz5cdlS', '201504', 'sL6cDCzo7h9', '375.0', ''),
(5619, 'nK0A12Q7MvS', 'nNhisoZuTzR', '201505', 'EJ8nUfcupBq', '21700.0', ''),
(5620, 'nK0A12Q7MvS', 'H3PiVz5cdlS', '201505', 'MT1UWZvCVUQ', '140.0', ''),
(5621, 'nK0A12Q7MvS', 'H3PiVz5cdlS', '201504', 'MT1UWZvCVUQ', '970.0', ''),
(5622, 'nK0A12Q7MvS', 'H3PiVz5cdlS', '201503', 'MT1UWZvCVUQ', '1924.0', ''),
(5623, 'nK0A12Q7MvS', 'THefpTo9qAa', '201504', 'HMJ9YZLMqo3', '21.0', ''),
(5624, 'nK0A12Q7MvS', 'THefpTo9qAa', '201503', 'HMJ9YZLMqo3', '84.0', ''),
(5625, 'nK0A12Q7MvS', 'THefpTo9qAa', '201503', 'MT1UWZvCVUQ', '1200.0', ''),
(5626, 'nK0A12Q7MvS', 'THefpTo9qAa', '201504', 'MT1UWZvCVUQ', '250.0', ''),
(5627, 'nK0A12Q7MvS', 'H3PiVz5cdlS', '201503', 'jFOwIS0MEFZ', '10.0', ''),
(5628, 'nK0A12Q7MvS', 'H3PiVz5cdlS', '201504', 'jFOwIS0MEFZ', '38.0', ''),
(5629, 'nK0A12Q7MvS', 'MnMPmhXaWns', '201505', 'v0szLFkFN1L', '67.0', ''),
(5630, 'nK0A12Q7MvS', 'H3PiVz5cdlS', '201505', 'jFOwIS0MEFZ', '8.0', ''),
(5631, 'nK0A12Q7MvS', 'MnMPmhXaWns', '201504', 'v0szLFkFN1L', '59.0', ''),
(5632, 'nK0A12Q7MvS', 'MnMPmhXaWns', '201503', 'v0szLFkFN1L', '1487.0', ''),
(5633, 'nK0A12Q7MvS', 'fgGcpHh5Bl6', '201503', 'qrh0ydN5iqx', '190.0', ''),
(5634, 'nK0A12Q7MvS', 'fgGcpHh5Bl6', '201504', 'qrh0ydN5iqx', '230.0', ''),
(5635, 'nK0A12Q7MvS', 'nNhisoZuTzR', '201503', 'Kk3atPpSnCh', '524.0', ''),
(5636, 'nK0A12Q7MvS', 'nNhisoZuTzR', '201504', 'Kk3atPpSnCh', '5.0', ''),
(5637, 'nK0A12Q7MvS', 'fgGcpHh5Bl6', '201505', 'qrh0ydN5iqx', '30.0', ''),
(5638, 'nK0A12Q7MvS', 'THefpTo9qAa', '201504', 'sL6cDCzo7h9', '10.0', ''),
(5639, 'nK0A12Q7MvS', 'THefpTo9qAa', '201503', 'sL6cDCzo7h9', '25.0', ''),
(5640, 'nK0A12Q7MvS', 'fgGcpHh5Bl6', '201503', 'Kk3atPpSnCh', '70.0', ''),
(5641, 'nK0A12Q7MvS', 'nNhisoZuTzR', '201503', 'jFOwIS0MEFZ', '512.0', ''),
(5642, 'nK0A12Q7MvS', 'nNhisoZuTzR', '201505', 'jFOwIS0MEFZ', '24.0', ''),
(5643, 'nK0A12Q7MvS', 'nNhisoZuTzR', '201504', 'jFOwIS0MEFZ', '1263.0', ''),
(5644, 'nK0A12Q7MvS', 'fgGcpHh5Bl6', '201505', 'UbFZzGAky0H', '60.0', ''),
(5645, 'nK0A12Q7MvS', 'iQvswzF7Zcr', '201503', 'v0szLFkFN1L', '4303.0', ''),
(5646, 'nK0A12Q7MvS', 'fgGcpHh5Bl6', '201503', 'UbFZzGAky0H', '533.0', ''),
(5647, 'nK0A12Q7MvS', 'MnMPmhXaWns', '201503', 'UbFZzGAky0H', '7.0', ''),
(5648, 'nK0A12Q7MvS', 'fgGcpHh5Bl6', '201504', 'UbFZzGAky0H', '565.0', ''),
(5649, 'nK0A12Q7MvS', 'fgGcpHh5Bl6', '201505', 'jFOwIS0MEFZ', '6.0', ''),
(5650, 'nK0A12Q7MvS', 'fgGcpHh5Bl6', '201504', 'jFOwIS0MEFZ', '70.0', ''),
(5651, 'nK0A12Q7MvS', 'iQvswzF7Zcr', '201503', 'LDmTsQdoXs5', '30.0', ''),
(5652, 'nK0A12Q7MvS', 'fgGcpHh5Bl6', '201503', 'jFOwIS0MEFZ', '29.0', ''),
(5653, 'nK0A12Q7MvS', 'THefpTo9qAa', '201504', 'jFOwIS0MEFZ', '15.0', ''),
(5654, 'nK0A12Q7MvS', 'nNhisoZuTzR', '201503', 'HMJ9YZLMqo3', '32582.0', ''),
(5655, 'nK0A12Q7MvS', 'nNhisoZuTzR', '201504', 'HMJ9YZLMqo3', '12770.0', ''),
(5656, 'nK0A12Q7MvS', 'nNhisoZuTzR', '201505', 'MT1UWZvCVUQ', '20450.0', ''),
(5657, 'nK0A12Q7MvS', 'nNhisoZuTzR', '201504', 'MT1UWZvCVUQ', '46000.0', ''),
(5658, 'nK0A12Q7MvS', 'nNhisoZuTzR', '201505', 'HMJ9YZLMqo3', '6816.0', ''),
(5659, 'nK0A12Q7MvS', 'nNhisoZuTzR', '201503', 'MT1UWZvCVUQ', '75444.0', ''),
(5660, 'nK0A12Q7MvS', 'MnMPmhXaWns', '201504', 'MT1UWZvCVUQ', '500.0', ''),
(5661, 'nK0A12Q7MvS', 'MnMPmhXaWns', '201503', 'MT1UWZvCVUQ', '3840.0', ''),
(5662, 'nK0A12Q7MvS', 'MnMPmhXaWns', '201505', 'MT1UWZvCVUQ', '600.0', ''),
(5663, 'nK0A12Q7MvS', 'fgGcpHh5Bl6', '201503', 'LDmTsQdoXs5', '1304.0', ''),
(5664, 'nK0A12Q7MvS', 'nNhisoZuTzR', '201504', 'sL6cDCzo7h9', '2380.0', ''),
(5665, 'nK0A12Q7MvS', 'MnMPmhXaWns', '201503', 'Kk3atPpSnCh', '194.0', ''),
(5666, 'nK0A12Q7MvS', 'MnMPmhXaWns', '201505', 'HMJ9YZLMqo3', '151.0', ''),
(5667, 'nK0A12Q7MvS', 'nNhisoZuTzR', '201505', 'sL6cDCzo7h9', '45.0', ''),
(5668, 'nK0A12Q7MvS', 'MnMPmhXaWns', '201503', 'HMJ9YZLMqo3', '877.0', ''),
(5669, 'nK0A12Q7MvS', 'nNhisoZuTzR', '201503', 'sL6cDCzo7h9', '10314.0', ''),
(5670, 'nK0A12Q7MvS', 'MnMPmhXaWns', '201504', 'HMJ9YZLMqo3', '159.0', ''),
(5671, 'nK0A12Q7MvS', 'THefpTo9qAa', '201503', 'EJ8nUfcupBq', '151.0', ''),
(5672, 'nK0A12Q7MvS', 'THefpTo9qAa', '201504', 'LDmTsQdoXs5', '26.0', ''),
(5673, 'nK0A12Q7MvS', 'fgGcpHh5Bl6', '201505', 'EJ8nUfcupBq', '1300.0', ''),
(5674, 'nK0A12Q7MvS', 'THefpTo9qAa', '201504', 'EJ8nUfcupBq', '15.0', ''),
(5675, 'nK0A12Q7MvS', 'MnMPmhXaWns', '201503', 'sL6cDCzo7h9', '49.0', ''),
(5676, 'nK0A12Q7MvS', 'fgGcpHh5Bl6', '201505', 'LDmTsQdoXs5', '210.0', ''),
(5677, 'nK0A12Q7MvS', 'fgGcpHh5Bl6', '201504', 'EJ8nUfcupBq', '219.0', ''),
(5678, 'nK0A12Q7MvS', 'fgGcpHh5Bl6', '201504', 'LDmTsQdoXs5', '499.0', ''),
(5679, 'nK0A12Q7MvS', 'fgGcpHh5Bl6', '201503', 'EJ8nUfcupBq', '553.0', ''),
(5680, 'nK0A12Q7MvS', 'UDNKVH14KuC', '201503', 'v0szLFkFN1L', '2032.0', ''),
(5681, 'nK0A12Q7MvS', 'THefpTo9qAa', '201503', 'LDmTsQdoXs5', '84.0', ''),
(5682, 'nK0A12Q7MvS', 'UDNKVH14KuC', '201503', 'ZxUQw1ay1cw', '1360.0', ''),
(5683, 'nK0A12Q7MvS', 'iQvswzF7Zcr', '201503', 'EJ8nUfcupBq', '30.0', ''),
(5684, 'nK0A12Q7MvS', 'H3PiVz5cdlS', '201505', 'EJ8nUfcupBq', '265.0', ''),
(5685, 'nK0A12Q7MvS', 'H3PiVz5cdlS', '201504', 'EJ8nUfcupBq', '192.0', ''),
(5686, 'nK0A12Q7MvS', 'nNhisoZuTzR', '201505', 'ZxUQw1ay1cw', '21375.0', ''),
(5687, 'nK0A12Q7MvS', 'H3PiVz5cdlS', '201503', 'EJ8nUfcupBq', '304.0', ''),
(5688, 'nK0A12Q7MvS', 'MnMPmhXaWns', '201503', 'ZxUQw1ay1cw', '1505.0', ''),
(5689, 'nK0A12Q7MvS', 'MnMPmhXaWns', '201504', 'ZxUQw1ay1cw', '40.0', ''),
(5690, 'nK0A12Q7MvS', 'nNhisoZuTzR', '201503', 'ZxUQw1ay1cw', '90030.0', ''),
(5691, 'nK0A12Q7MvS', 'MnMPmhXaWns', '201505', 'ZxUQw1ay1cw', '66.0', ''),
(5692, 'nK0A12Q7MvS', 'nNhisoZuTzR', '201504', 'ZxUQw1ay1cw', '35047.0', ''),
(5693, 'nK0A12Q7MvS', 'fgGcpHh5Bl6', '201505', 'HMJ9YZLMqo3', '227.0', ''),
(5694, 'nK0A12Q7MvS', 'H3PiVz5cdlS', '201504', 'ZxUQw1ay1cw', '2067.0', ''),
(5695, 'nK0A12Q7MvS', 'H3PiVz5cdlS', '201505', 'ZxUQw1ay1cw', '665.0', ''),
(5696, 'nK0A12Q7MvS', 'H3PiVz5cdlS', '201503', 'ZxUQw1ay1cw', '3772.0', ''),
(5697, 'nK0A12Q7MvS', 'H3PiVz5cdlS', '201505', 'LDmTsQdoXs5', '29.0', ''),
(5698, 'nK0A12Q7MvS', 'MnMPmhXaWns', '201505', 'EJ8nUfcupBq', '150.0', ''),
(5699, 'nK0A12Q7MvS', 'fgGcpHh5Bl6', '201503', 'HMJ9YZLMqo3', '1351.0', ''),
(5700, 'nK0A12Q7MvS', 'H3PiVz5cdlS', '201504', 'LDmTsQdoXs5', '66.0', ''),
(5701, 'nK0A12Q7MvS', 'fgGcpHh5Bl6', '201504', 'HMJ9YZLMqo3', '517.0', ''),
(5702, 'nK0A12Q7MvS', 'H3PiVz5cdlS', '201503', 'LDmTsQdoXs5', '352.0', ''),
(5703, 'nK0A12Q7MvS', 'H3PiVz5cdlS', '201503', 'qrh0ydN5iqx', '220.0', ''),
(5704, 'nK0A12Q7MvS', 'H3PiVz5cdlS', '201504', 'qrh0ydN5iqx', '22.0', ''),
(5705, 'nK0A12Q7MvS', 'MnMPmhXaWns', '201504', 'EJ8nUfcupBq', '100.0', ''),
(5706, 'nK0A12Q7MvS', 'MnMPmhXaWns', '201503', 'EJ8nUfcupBq', '575.0', ''),
(5707, 'nK0A12Q7MvS', 'nNhisoZuTzR', '201505', 'v0szLFkFN1L', '7335.0', ''),
(5708, 'nK0A12Q7MvS', 'H3PiVz5cdlS', '201504', 'UbFZzGAky0H', '35.0', ''),
(5709, 'nK0A12Q7MvS', 'H3PiVz5cdlS', '201505', 'UbFZzGAky0H', '24.0', ''),
(5710, 'nK0A12Q7MvS', 'nNhisoZuTzR', '201503', 'v0szLFkFN1L', '115567.0', ''),
(5711, 'nK0A12Q7MvS', 'nNhisoZuTzR', '201504', 'v0szLFkFN1L', '48757.0', ''),
(5712, 'nK0A12Q7MvS', 'H3PiVz5cdlS', '201503', 'UbFZzGAky0H', '220.0', ''),
(5713, 'nK0A12Q7MvS', 'REDgTs0CyzY', '201503', 'ZxUQw1ay1cw', '586.0', ''),
(5714, 'nK0A12Q7MvS', 'fgGcpHh5Bl6', '201504', 'MT1UWZvCVUQ', '2430.0', ''),
(5715, 'nK0A12Q7MvS', 'fgGcpHh5Bl6', '201503', 'MT1UWZvCVUQ', '7564.0', ''),
(5716, 'nK0A12Q7MvS', 'THefpTo9qAa', '201504', 'qrh0ydN5iqx', '25.0', ''),
(5717, 'nK0A12Q7MvS', 'fgGcpHh5Bl6', '201503', 'sL6cDCzo7h9', '823.0', ''),
(5718, 'nK0A12Q7MvS', 'fgGcpHh5Bl6', '201504', 'v0szLFkFN1L', '7143.0', ''),
(5719, 'nK0A12Q7MvS', 'fgGcpHh5Bl6', '201503', 'v0szLFkFN1L', '16932.0', ''),
(5720, 'nK0A12Q7MvS', 'fgGcpHh5Bl6', '201505', 'v0szLFkFN1L', '1213.0', ''),
(5721, 'nK0A12Q7MvS', 'fgGcpHh5Bl6', '201504', 'sL6cDCzo7h9', '379.0', ''),
(5722, 'nK0A12Q7MvS', 'THefpTo9qAa', '201503', 'Kk3atPpSnCh', '37.0', ''),
(5723, 'nK0A12Q7MvS', 'fgGcpHh5Bl6', '201505', 'sL6cDCzo7h9', '15.0', ''),
(5724, 'nK0A12Q7MvS', 'H3PiVz5cdlS', '201503', 'v0szLFkFN1L', '3781.0', ''),
(5725, 'nK0A12Q7MvS', 'nNhisoZuTzR', '201504', 'UbFZzGAky0H', '4817.0', ''),
(5726, 'nK0A12Q7MvS', 'H3PiVz5cdlS', '201505', 'v0szLFkFN1L', '521.0', ''),
(5727, 'nK0A12Q7MvS', 'nNhisoZuTzR', '201503', 'UbFZzGAky0H', '9882.0', ''),
(5728, 'nK0A12Q7MvS', 'H3PiVz5cdlS', '201504', 'v0szLFkFN1L', '2161.0', ''),
(5729, 'nK0A12Q7MvS', 'H3PiVz5cdlS', '201504', 'Kk3atPpSnCh', '15.0', ''),
(5730, 'nK0A12Q7MvS', 'nNhisoZuTzR', '201505', 'UbFZzGAky0H', '480.0', ''),
(5731, 'nK0A12Q7MvS', 'H3PiVz5cdlS', '201503', 'Kk3atPpSnCh', '30.0', ''),
(5732, 'nK0A12Q7MvS', 'iQvswzF7Zcr', '201503', 'ZxUQw1ay1cw', '4273.0', ''),
(5733, 'nK0A12Q7MvS', 'REDgTs0CyzY', '201503', 'v0szLFkFN1L', '586.0', ''),
(5734, 'nK0A12Q7MvS', 'THefpTo9qAa', '201504', 'v0szLFkFN1L', '221.0', ''),
(5735, 'nK0A12Q7MvS', 'THefpTo9qAa', '201503', 'v0szLFkFN1L', '59.0', ''),
(5736, 'nK0A12Q7MvS', 'nNhisoZuTzR', '201503', 'qrh0ydN5iqx', '14702.0', ''),
(5737, 'nK0A12Q7MvS', 'nNhisoZuTzR', '201504', 'qrh0ydN5iqx', '2650.0', ''),
(5738, 'nK0A12Q7MvS', 'nNhisoZuTzR', '201505', 'qrh0ydN5iqx', '350.0', ''),
(5739, 'nK0A12Q7MvS', 'nNhisoZuTzR', '201505', 'LDmTsQdoXs5', '6330.0', ''),
(5740, 'nK0A12Q7MvS', 'fgGcpHh5Bl6', '201505', 'ZxUQw1ay1cw', '2220.0', ''),
(5741, 'nK0A12Q7MvS', 'nNhisoZuTzR', '201504', 'LDmTsQdoXs5', '12075.0', ''),
(5742, 'nK0A12Q7MvS', 'fgGcpHh5Bl6', '201503', 'ZxUQw1ay1cw', '14922.0', ''),
(5743, 'nK0A12Q7MvS', 'nNhisoZuTzR', '201503', 'LDmTsQdoXs5', '32076.0', ''),
(5744, 'nK0A12Q7MvS', 'fgGcpHh5Bl6', '201504', 'ZxUQw1ay1cw', '6399.0', ''),
(5745, 'nK0A12Q7MvS', 'THefpTo9qAa', '201504', 'ZxUQw1ay1cw', '104.0', ''),
(5746, 'nK0A12Q7MvS', 'fgGcpHh5Bl6', '201505', 'MT1UWZvCVUQ', '240.0', ''),
(5747, 'nK0A12Q7MvS', 'THefpTo9qAa', '201503', 'ZxUQw1ay1cw', '116.0', ''),
(5748, 'nK0A12Q7MvS', 'iQvswzF7Zcr', '201503', 'HMJ9YZLMqo3', '30.0', ''),
(5749, 'nK0A12Q7MvS', 'MnMPmhXaWns', '201503', 'qrh0ydN5iqx', '335.0', ''),
(5750, 'nK0A12Q7MvS', 'MnMPmhXaWns', '201503', 'LDmTsQdoXs5', '842.0', ''),
(5751, 'nK0A12Q7MvS', 'MnMPmhXaWns', '201504', 'LDmTsQdoXs5', '60.0', ''),
(5752, 'nK0A12Q7MvS', 'MnMPmhXaWns', '201505', 'LDmTsQdoXs5', '151.0', ''),
(5753, 'nK0A12Q7MvS', 'UDNKVH14KuC', '201503', 'LDmTsQdoXs5', '672.0', ''),
(5754, 'nK0A12Q7MvS', 'H3PiVz5cdlS', '201504', 'HMJ9YZLMqo3', '76.0', ''),
(5755, 'nK0A12Q7MvS', 'H3PiVz5cdlS', '201505', 'HMJ9YZLMqo3', '49.0', ''),
(5756, 'nK0A12Q7MvS', 'H3PiVz5cdlS', '201503', 'HMJ9YZLMqo3', '337.0', ''),
(5757, 'nrI2khZx3d0', 'nNhisoZuTzR', '201503', 'EJ8nUfcupBq', '10181.0', ''),
(5758, 'nrI2khZx3d0', 'H3PiVz5cdlS', '201503', 'sL6cDCzo7h9', '190.0', ''),
(5759, 'nrI2khZx3d0', 'H3PiVz5cdlS', '201503', 'ZxUQw1ay1cw', '3447.0', ''),
(5760, 'nrI2khZx3d0', 'fgGcpHh5Bl6', '201503', 'jFOwIS0MEFZ', '3.0', ''),
(5761, 'nrI2khZx3d0', 'fgGcpHh5Bl6', '201503', 'HMJ9YZLMqo3', '396.0', ''),
(5762, 'nrI2khZx3d0', 'H3PiVz5cdlS', '201503', 'LDmTsQdoXs5', '58.0', ''),
(5763, 'nrI2khZx3d0', 'H3PiVz5cdlS', '201503', 'MT1UWZvCVUQ', '120.0', ''),
(5764, 'nrI2khZx3d0', 'H3PiVz5cdlS', '201503', 'qrh0ydN5iqx', '40.0', ''),
(5765, 'nrI2khZx3d0', 'MnMPmhXaWns', '201503', 'EJ8nUfcupBq', '700.0', ''),
(5766, 'nrI2khZx3d0', 'nNhisoZuTzR', '201503', 'HMJ9YZLMqo3', '7296.0', ''),
(5767, 'nrI2khZx3d0', 'nNhisoZuTzR', '201503', 'v0szLFkFN1L', '23775.0', ''),
(5768, 'nrI2khZx3d0', 'nNhisoZuTzR', '201503', 'MT1UWZvCVUQ', '27050.0', ''),
(5769, 'nrI2khZx3d0', 'H3PiVz5cdlS', '201503', 'UbFZzGAky0H', '102.0', ''),
(5770, 'nrI2khZx3d0', 'MnMPmhXaWns', '201503', 'MT1UWZvCVUQ', '2990.0', ''),
(5771, 'nrI2khZx3d0', 'nNhisoZuTzR', '201503', 'qrh0ydN5iqx', '1496.0', ''),
(5772, 'nrI2khZx3d0', 'fgGcpHh5Bl6', '201503', 'LDmTsQdoXs5', '394.0', ''),
(5773, 'nrI2khZx3d0', 'fgGcpHh5Bl6', '201503', 'MT1UWZvCVUQ', '350.0', ''),
(5774, 'nrI2khZx3d0', 'MnMPmhXaWns', '201503', 'HMJ9YZLMqo3', '1242.0', ''),
(5775, 'nrI2khZx3d0', 'nNhisoZuTzR', '201503', 'sL6cDCzo7h9', '2420.0', ''),
(5776, 'nrI2khZx3d0', 'MnMPmhXaWns', '201503', 'v0szLFkFN1L', '2418.0', ''),
(5777, 'nrI2khZx3d0', 'fgGcpHh5Bl6', '201503', 'EJ8nUfcupBq', '512.0', ''),
(5778, 'nrI2khZx3d0', 'fgGcpHh5Bl6', '201503', 'qrh0ydN5iqx', '60.0', ''),
(5779, 'nrI2khZx3d0', 'nNhisoZuTzR', '201503', 'Kk3atPpSnCh', '96.0', ''),
(5780, 'nrI2khZx3d0', 'fgGcpHh5Bl6', '201503', 'sL6cDCzo7h9', '261.0', ''),
(5781, 'nrI2khZx3d0', 'fgGcpHh5Bl6', '201503', 'ZxUQw1ay1cw', '7334.0', ''),
(5782, 'nrI2khZx3d0', 'nNhisoZuTzR', '201503', 'LDmTsQdoXs5', '7109.0', ''),
(5783, 'nrI2khZx3d0', 'H3PiVz5cdlS', '201503', 'EJ8nUfcupBq', '240.0', ''),
(5784, 'nrI2khZx3d0', 'MnMPmhXaWns', '201503', 'ZxUQw1ay1cw', '2716.0', ''),
(5785, 'nrI2khZx3d0', 'fgGcpHh5Bl6', '201503', 'Kk3atPpSnCh', '26.0', ''),
(5786, 'nrI2khZx3d0', 'fgGcpHh5Bl6', '201503', 'v0szLFkFN1L', '7656.0', ''),
(5787, 'nrI2khZx3d0', 'nNhisoZuTzR', '201503', 'ZxUQw1ay1cw', '26604.0', ''),
(5788, 'nrI2khZx3d0', 'MnMPmhXaWns', '201503', 'qrh0ydN5iqx', '500.0', ''),
(5789, 'nrI2khZx3d0', 'MnMPmhXaWns', '201503', 'LDmTsQdoXs5', '1226.0', ''),
(5790, 'nrI2khZx3d0', 'nNhisoZuTzR', '201503', 'jFOwIS0MEFZ', '3.0', ''),
(5791, 'nrI2khZx3d0', 'fgGcpHh5Bl6', '201503', 'UbFZzGAky0H', '450.0', ''),
(5792, 'nrI2khZx3d0', 'H3PiVz5cdlS', '201503', 'v0szLFkFN1L', '3175.0', ''),
(5793, 'nrI2khZx3d0', 'nNhisoZuTzR', '201503', 'UbFZzGAky0H', '1473.0', ''),
(5794, 'nrI2khZx3d0', 'H3PiVz5cdlS', '201503', 'HMJ9YZLMqo3', '59.0', ''),
(5795, 'nrI2khZx3d0', 'H3PiVz5cdlS', '201503', 'Kk3atPpSnCh', '26.0', ''),
(5796, 'o36zCRjSd4G', 'nNhisoZuTzR', '201504', 'EJ8nUfcupBq', '420.0', ''),
(5797, 'o36zCRjSd4G', 'nNhisoZuTzR', '201503', 'EJ8nUfcupBq', '4725.0', ''),
(5798, 'o36zCRjSd4G', 'H3PiVz5cdlS', '201504', 'sL6cDCzo7h9', '11.0', ''),
(5799, 'o36zCRjSd4G', 'H3PiVz5cdlS', '201504', 'ZxUQw1ay1cw', '41.0', ''),
(5800, 'o36zCRjSd4G', 'nNhisoZuTzR', '201505', 'EJ8nUfcupBq', '50.0', ''),
(5801, 'o36zCRjSd4G', 'H3PiVz5cdlS', '201503', 'ZxUQw1ay1cw', '151.0', ''),
(5802, 'o36zCRjSd4G', 'fgGcpHh5Bl6', '201503', 'HMJ9YZLMqo3', '9.0', ''),
(5803, 'o36zCRjSd4G', 'H3PiVz5cdlS', '201505', 'MT1UWZvCVUQ', '50.0', ''),
(5804, 'o36zCRjSd4G', 'fgGcpHh5Bl6', '201504', 'HMJ9YZLMqo3', '2.0', ''),
(5805, 'o36zCRjSd4G', 'H3PiVz5cdlS', '201504', 'MT1UWZvCVUQ', '70.0', ''),
(5806, 'o36zCRjSd4G', 'H3PiVz5cdlS', '201503', 'LDmTsQdoXs5', '1.0', ''),
(5807, 'o36zCRjSd4G', 'H3PiVz5cdlS', '201503', 'MT1UWZvCVUQ', '250.0', ''),
(5808, 'o36zCRjSd4G', 'MnMPmhXaWns', '201504', 'EJ8nUfcupBq', '1250.0', ''),
(5809, 'o36zCRjSd4G', 'MnMPmhXaWns', '201503', 'EJ8nUfcupBq', '600.0', ''),
(5810, 'o36zCRjSd4G', 'nNhisoZuTzR', '201505', 'v0szLFkFN1L', '9.0', ''),
(5811, 'o36zCRjSd4G', 'nNhisoZuTzR', '201503', 'v0szLFkFN1L', '4161.0', ''),
(5812, 'o36zCRjSd4G', 'nNhisoZuTzR', '201504', 'v0szLFkFN1L', '3180.0', ''),
(5813, 'o36zCRjSd4G', 'THefpTo9qAa', '201505', 'MT1UWZvCVUQ', '80.0', ''),
(5814, 'o36zCRjSd4G', 'fgGcpHh5Bl6', '201503', 'MT1UWZvCVUQ', '770.0', ''),
(5815, 'o36zCRjSd4G', 'MnMPmhXaWns', '201503', 'v0szLFkFN1L', '53.0', ''),
(5816, 'o36zCRjSd4G', 'fgGcpHh5Bl6', '201503', 'qrh0ydN5iqx', '3.0', ''),
(5817, 'o36zCRjSd4G', 'fgGcpHh5Bl6', '201503', 'sL6cDCzo7h9', '45.0', ''),
(5818, 'o36zCRjSd4G', 'nNhisoZuTzR', '201503', 'Kk3atPpSnCh', '405.0', ''),
(5819, 'o36zCRjSd4G', 'nNhisoZuTzR', '201504', 'Kk3atPpSnCh', '67.0', ''),
(5820, 'o36zCRjSd4G', 'nNhisoZuTzR', '201505', 'Kk3atPpSnCh', '60.0', ''),
(5821, 'o36zCRjSd4G', 'THefpTo9qAa', '201505', 'Kk3atPpSnCh', '30.0', ''),
(5822, 'o36zCRjSd4G', 'fgGcpHh5Bl6', '201504', 'v0szLFkFN1L', '260.0', ''),
(5823, 'o36zCRjSd4G', 'fgGcpHh5Bl6', '201503', 'Kk3atPpSnCh', '260.0', ''),
(5824, 'o36zCRjSd4G', 'fgGcpHh5Bl6', '201503', 'v0szLFkFN1L', '409.0', ''),
(5825, 'o36zCRjSd4G', 'fgGcpHh5Bl6', '201505', 'v0szLFkFN1L', '100.0', ''),
(5826, 'o36zCRjSd4G', 'nNhisoZuTzR', '201503', 'jFOwIS0MEFZ', '14.0', ''),
(5827, 'o36zCRjSd4G', 'fgGcpHh5Bl6', '201505', 'Kk3atPpSnCh', '90.0', ''),
(5828, 'o36zCRjSd4G', 'fgGcpHh5Bl6', '201503', 'UbFZzGAky0H', '24.0', ''),
(5829, 'o36zCRjSd4G', 'H3PiVz5cdlS', '201503', 'v0szLFkFN1L', '132.0', ''),
(5830, 'o36zCRjSd4G', 'fgGcpHh5Bl6', '201504', 'UbFZzGAky0H', '60.0', ''),
(5831, 'o36zCRjSd4G', 'nNhisoZuTzR', '201504', 'UbFZzGAky0H', '200.0', ''),
(5832, 'o36zCRjSd4G', 'nNhisoZuTzR', '201503', 'UbFZzGAky0H', '478.0', ''),
(5833, 'o36zCRjSd4G', 'H3PiVz5cdlS', '201504', 'v0szLFkFN1L', '30.0', ''),
(5834, 'o36zCRjSd4G', 'H3PiVz5cdlS', '201505', 'Kk3atPpSnCh', '30.0', ''),
(5835, 'o36zCRjSd4G', 'H3PiVz5cdlS', '201504', 'Kk3atPpSnCh', '30.0', ''),
(5836, 'o36zCRjSd4G', 'H3PiVz5cdlS', '201503', 'Kk3atPpSnCh', '60.0', ''),
(5837, 'o36zCRjSd4G', 'nNhisoZuTzR', '201503', 'HMJ9YZLMqo3', '858.0', ''),
(5838, 'o36zCRjSd4G', 'nNhisoZuTzR', '201504', 'HMJ9YZLMqo3', '451.0', ''),
(5839, 'o36zCRjSd4G', 'nNhisoZuTzR', '201505', 'MT1UWZvCVUQ', '400.0', ''),
(5840, 'o36zCRjSd4G', 'nNhisoZuTzR', '201504', 'MT1UWZvCVUQ', '300.0', ''),
(5841, 'o36zCRjSd4G', 'nNhisoZuTzR', '201505', 'HMJ9YZLMqo3', '59.0', ''),
(5842, 'o36zCRjSd4G', 'nNhisoZuTzR', '201503', 'MT1UWZvCVUQ', '3050.0', ''),
(5843, 'o36zCRjSd4G', 'MnMPmhXaWns', '201504', 'MT1UWZvCVUQ', '100.0', ''),
(5844, 'o36zCRjSd4G', 'MnMPmhXaWns', '201503', 'MT1UWZvCVUQ', '100.0', ''),
(5845, 'o36zCRjSd4G', 'nNhisoZuTzR', '201503', 'qrh0ydN5iqx', '12.0', ''),
(5846, 'o36zCRjSd4G', 'fgGcpHh5Bl6', '201503', 'LDmTsQdoXs5', '9.0', ''),
(5847, 'o36zCRjSd4G', 'nNhisoZuTzR', '201505', 'qrh0ydN5iqx', '50.0', ''),
(5848, 'o36zCRjSd4G', 'MnMPmhXaWns', '201503', 'HMJ9YZLMqo3', '20.0', ''),
(5849, 'o36zCRjSd4G', 'nNhisoZuTzR', '201503', 'sL6cDCzo7h9', '129.0', ''),
(5850, 'o36zCRjSd4G', 'MnMPmhXaWns', '201504', 'HMJ9YZLMqo3', '28.0', ''),
(5851, 'o36zCRjSd4G', 'MnMPmhXaWns', '201503', 'sL6cDCzo7h9', '600.0', ''),
(5852, 'o36zCRjSd4G', 'fgGcpHh5Bl6', '201504', 'EJ8nUfcupBq', '30.0', ''),
(5853, 'o36zCRjSd4G', 'fgGcpHh5Bl6', '201503', 'EJ8nUfcupBq', '170.0', ''),
(5854, 'o36zCRjSd4G', 'fgGcpHh5Bl6', '201504', 'LDmTsQdoXs5', '2.0', ''),
(5855, 'o36zCRjSd4G', 'nNhisoZuTzR', '201505', 'LDmTsQdoXs5', '59.0', ''),
(5856, 'o36zCRjSd4G', 'fgGcpHh5Bl6', '201505', 'ZxUQw1ay1cw', '100.0', ''),
(5857, 'o36zCRjSd4G', 'nNhisoZuTzR', '201504', 'LDmTsQdoXs5', '451.0', ''),
(5858, 'o36zCRjSd4G', 'fgGcpHh5Bl6', '201503', 'ZxUQw1ay1cw', '633.0', ''),
(5859, 'o36zCRjSd4G', 'nNhisoZuTzR', '201503', 'LDmTsQdoXs5', '858.0', ''),
(5860, 'o36zCRjSd4G', 'fgGcpHh5Bl6', '201504', 'ZxUQw1ay1cw', '226.0', ''),
(5861, 'o36zCRjSd4G', 'fgGcpHh5Bl6', '201505', 'MT1UWZvCVUQ', '70.0', ''),
(5862, 'o36zCRjSd4G', 'H3PiVz5cdlS', '201504', 'EJ8nUfcupBq', '11.0', ''),
(5863, 'o36zCRjSd4G', 'nNhisoZuTzR', '201505', 'ZxUQw1ay1cw', '29.0', ''),
(5864, 'o36zCRjSd4G', 'H3PiVz5cdlS', '201503', 'EJ8nUfcupBq', '40.0', ''),
(5865, 'o36zCRjSd4G', 'MnMPmhXaWns', '201503', 'ZxUQw1ay1cw', '633.0', ''),
(5866, 'o36zCRjSd4G', 'MnMPmhXaWns', '201504', 'ZxUQw1ay1cw', '1222.0', ''),
(5867, 'o36zCRjSd4G', 'nNhisoZuTzR', '201503', 'ZxUQw1ay1cw', '5071.0', ''),
(5868, 'o36zCRjSd4G', 'nNhisoZuTzR', '201504', 'ZxUQw1ay1cw', '2949.0', ''),
(5869, 'o36zCRjSd4G', 'MnMPmhXaWns', '201503', 'LDmTsQdoXs5', '20.0', ''),
(5870, 'o36zCRjSd4G', 'MnMPmhXaWns', '201504', 'LDmTsQdoXs5', '28.0', ''),
(5871, 'o36zCRjSd4G', 'H3PiVz5cdlS', '201503', 'HMJ9YZLMqo3', '1.0', ''),
(5872, 'ob6SxuRcqU4', 'nNhisoZuTzR', '201504', 'EJ8nUfcupBq', '900.0', ''),
(5873, 'ob6SxuRcqU4', 'nNhisoZuTzR', '201503', 'EJ8nUfcupBq', '39970.0', ''),
(5874, 'ob6SxuRcqU4', 'H3PiVz5cdlS', '201503', 'sL6cDCzo7h9', '199.0', ''),
(5875, 'ob6SxuRcqU4', 'H3PiVz5cdlS', '201504', 'sL6cDCzo7h9', '516.0', ''),
(5876, 'ob6SxuRcqU4', 'H3PiVz5cdlS', '201504', 'ZxUQw1ay1cw', '1361.0', ''),
(5877, 'ob6SxuRcqU4', 'H3PiVz5cdlS', '201503', 'ZxUQw1ay1cw', '3494.0', ''),
(5878, 'ob6SxuRcqU4', 'fgGcpHh5Bl6', '201503', 'HMJ9YZLMqo3', '516.0', ''),
(5879, 'ob6SxuRcqU4', 'H3PiVz5cdlS', '201504', 'LDmTsQdoXs5', '45.0', ''),
(5880, 'ob6SxuRcqU4', 'fgGcpHh5Bl6', '201504', 'HMJ9YZLMqo3', '198.0', ''),
(5881, 'ob6SxuRcqU4', 'H3PiVz5cdlS', '201503', 'LDmTsQdoXs5', '176.0', ''),
(5882, 'ob6SxuRcqU4', 'H3PiVz5cdlS', '201504', 'MT1UWZvCVUQ', '60.0', ''),
(5883, 'ob6SxuRcqU4', 'H3PiVz5cdlS', '201503', 'MT1UWZvCVUQ', '291.0', ''),
(5884, 'ob6SxuRcqU4', 'H3PiVz5cdlS', '201504', 'qrh0ydN5iqx', '20.0', ''),
(5885, 'ob6SxuRcqU4', 'MnMPmhXaWns', '201503', 'EJ8nUfcupBq', '200.0', ''),
(5886, 'ob6SxuRcqU4', 'H3PiVz5cdlS', '201504', 'UbFZzGAky0H', '20.0', ''),
(5887, 'ob6SxuRcqU4', 'nNhisoZuTzR', '201503', 'v0szLFkFN1L', '39338.0', ''),
(5888, 'ob6SxuRcqU4', 'THefpTo9qAa', '201503', 'MT1UWZvCVUQ', '120.0', ''),
(5889, 'ob6SxuRcqU4', 'nNhisoZuTzR', '201504', 'v0szLFkFN1L', '36074.0', ''),
(5890, 'ob6SxuRcqU4', 'H3PiVz5cdlS', '201503', 'UbFZzGAky0H', '107.0', ''),
(5891, 'ob6SxuRcqU4', 'fgGcpHh5Bl6', '201504', 'MT1UWZvCVUQ', '90.0', ''),
(5892, 'ob6SxuRcqU4', 'H3PiVz5cdlS', '201503', 'jFOwIS0MEFZ', '1.0', ''),
(5893, 'ob6SxuRcqU4', 'fgGcpHh5Bl6', '201503', 'MT1UWZvCVUQ', '1391.0', ''),
(5894, 'ob6SxuRcqU4', 'MnMPmhXaWns', '201503', 'v0szLFkFN1L', '486.0', ''),
(5895, 'ob6SxuRcqU4', 'fgGcpHh5Bl6', '201503', 'sL6cDCzo7h9', '884.0', ''),
(5896, 'ob6SxuRcqU4', 'fgGcpHh5Bl6', '201504', 'qrh0ydN5iqx', '60.0', ''),
(5897, 'ob6SxuRcqU4', 'fgGcpHh5Bl6', '201504', 'v0szLFkFN1L', '7459.0', ''),
(5898, 'ob6SxuRcqU4', 'fgGcpHh5Bl6', '201503', 'Kk3atPpSnCh', '1.0', ''),
(5899, 'ob6SxuRcqU4', 'fgGcpHh5Bl6', '201503', 'v0szLFkFN1L', '11284.0', ''),
(5900, 'ob6SxuRcqU4', 'fgGcpHh5Bl6', '201504', 'sL6cDCzo7h9', '822.0', ''),
(5901, 'ob6SxuRcqU4', 'THefpTo9qAa', '201503', 'Kk3atPpSnCh', '200.0', ''),
(5902, 'ob6SxuRcqU4', 'nNhisoZuTzR', '201503', 'jFOwIS0MEFZ', '104.0', ''),
(5903, 'ob6SxuRcqU4', 'nNhisoZuTzR', '201504', 'jFOwIS0MEFZ', '2.0', ''),
(5904, 'ob6SxuRcqU4', 'fgGcpHh5Bl6', '201503', 'UbFZzGAky0H', '168.0', ''),
(5905, 'ob6SxuRcqU4', 'H3PiVz5cdlS', '201503', 'v0szLFkFN1L', '7376.0', ''),
(5906, 'ob6SxuRcqU4', 'fgGcpHh5Bl6', '201504', 'UbFZzGAky0H', '120.0', ''),
(5907, 'ob6SxuRcqU4', 'nNhisoZuTzR', '201504', 'UbFZzGAky0H', '1250.0', ''),
(5908, 'ob6SxuRcqU4', 'nNhisoZuTzR', '201503', 'UbFZzGAky0H', '2190.0', ''),
(5909, 'ob6SxuRcqU4', 'H3PiVz5cdlS', '201504', 'v0szLFkFN1L', '1426.0', ''),
(5910, 'ob6SxuRcqU4', 'fgGcpHh5Bl6', '201504', 'jFOwIS0MEFZ', '3.0', ''),
(5911, 'ob6SxuRcqU4', 'fgGcpHh5Bl6', '201503', 'jFOwIS0MEFZ', '3.0', ''),
(5912, 'ob6SxuRcqU4', 'nNhisoZuTzR', '201503', 'HMJ9YZLMqo3', '11799.0', ''),
(5913, 'ob6SxuRcqU4', 'nNhisoZuTzR', '201504', 'HMJ9YZLMqo3', '4688.0', ''),
(5914, 'ob6SxuRcqU4', 'nNhisoZuTzR', '201504', 'MT1UWZvCVUQ', '2100.0', ''),
(5915, 'ob6SxuRcqU4', 'nNhisoZuTzR', '201503', 'MT1UWZvCVUQ', '11771.0', ''),
(5916, 'ob6SxuRcqU4', 'MnMPmhXaWns', '201504', 'MT1UWZvCVUQ', '200.0', ''),
(5917, 'ob6SxuRcqU4', 'MnMPmhXaWns', '201503', 'MT1UWZvCVUQ', '300.0', ''),
(5918, 'ob6SxuRcqU4', 'nNhisoZuTzR', '201503', 'qrh0ydN5iqx', '1600.0', ''),
(5919, 'ob6SxuRcqU4', 'nNhisoZuTzR', '201504', 'qrh0ydN5iqx', '900.0', ''),
(5920, 'ob6SxuRcqU4', 'fgGcpHh5Bl6', '201503', 'LDmTsQdoXs5', '516.0', ''),
(5921, 'ob6SxuRcqU4', 'nNhisoZuTzR', '201504', 'sL6cDCzo7h9', '14549.0', ''),
(5922, 'ob6SxuRcqU4', 'MnMPmhXaWns', '201503', 'HMJ9YZLMqo3', '222.0', ''),
(5923, 'ob6SxuRcqU4', 'nNhisoZuTzR', '201503', 'sL6cDCzo7h9', '3893.0', ''),
(5924, 'ob6SxuRcqU4', 'MnMPmhXaWns', '201504', 'Kk3atPpSnCh', '360.0', ''),
(5925, 'ob6SxuRcqU4', 'fgGcpHh5Bl6', '201504', 'EJ8nUfcupBq', '52.0', ''),
(5926, 'ob6SxuRcqU4', 'fgGcpHh5Bl6', '201504', 'LDmTsQdoXs5', '139.0', ''),
(5927, 'ob6SxuRcqU4', 'fgGcpHh5Bl6', '201503', 'EJ8nUfcupBq', '3343.0', ''),
(5928, 'ob6SxuRcqU4', 'nNhisoZuTzR', '201504', 'LDmTsQdoXs5', '4706.0', ''),
(5929, 'ob6SxuRcqU4', 'fgGcpHh5Bl6', '201503', 'ZxUQw1ay1cw', '13097.0', ''),
(5930, 'ob6SxuRcqU4', 'nNhisoZuTzR', '201503', 'LDmTsQdoXs5', '11857.0', ''),
(5931, 'ob6SxuRcqU4', 'fgGcpHh5Bl6', '201504', 'ZxUQw1ay1cw', '7301.0', ''),
(5932, 'ob6SxuRcqU4', 'H3PiVz5cdlS', '201504', 'EJ8nUfcupBq', '48.0', ''),
(5933, 'ob6SxuRcqU4', 'H3PiVz5cdlS', '201503', 'EJ8nUfcupBq', '722.0', ''),
(5934, 'ob6SxuRcqU4', 'MnMPmhXaWns', '201503', 'ZxUQw1ay1cw', '464.0', ''),
(5935, 'ob6SxuRcqU4', 'nNhisoZuTzR', '201503', 'ZxUQw1ay1cw', '63456.0', ''),
(5936, 'ob6SxuRcqU4', 'nNhisoZuTzR', '201504', 'ZxUQw1ay1cw', '31209.0', ''),
(5937, 'ob6SxuRcqU4', 'MnMPmhXaWns', '201503', 'LDmTsQdoXs5', '222.0', ''),
(5938, 'ob6SxuRcqU4', 'MnMPmhXaWns', '201504', 'LDmTsQdoXs5', '105.0', ''),
(5939, 'ob6SxuRcqU4', 'H3PiVz5cdlS', '201504', 'HMJ9YZLMqo3', '65.0', ''),
(5940, 'ob6SxuRcqU4', 'H3PiVz5cdlS', '201503', 'HMJ9YZLMqo3', '176.0', ''),
(5941, 'pZqQRRW7PHP', 'nNhisoZuTzR', '201504', 'EJ8nUfcupBq', '400.0', ''),
(5942, 'pZqQRRW7PHP', 'H3PiVz5cdlS', '201505', 'sL6cDCzo7h9', '11.0', ''),
(5943, 'pZqQRRW7PHP', 'nNhisoZuTzR', '201503', 'EJ8nUfcupBq', '12559.0', ''),
(5944, 'pZqQRRW7PHP', 'H3PiVz5cdlS', '201503', 'sL6cDCzo7h9', '414.0', ''),
(5945, 'pZqQRRW7PHP', 'H3PiVz5cdlS', '201504', 'sL6cDCzo7h9', '171.0', '');
INSERT INTO `lab_county_level_data` (`county_drugs_id`, `county_id`, `drug_id`, `period`, `drug_category_id`, `drug_value`, `date`) VALUES
(5946, 'pZqQRRW7PHP', 'THefpTo9qAa', '201505', 'HMJ9YZLMqo3', '2.0', ''),
(5947, 'pZqQRRW7PHP', 'H3PiVz5cdlS', '201504', 'MT1UWZvCVUQ', '60.0', ''),
(5948, 'pZqQRRW7PHP', 'H3PiVz5cdlS', '201503', 'MT1UWZvCVUQ', '130.0', ''),
(5949, 'pZqQRRW7PHP', 'THefpTo9qAa', '201503', 'HMJ9YZLMqo3', '168.0', ''),
(5950, 'pZqQRRW7PHP', 'THefpTo9qAa', '201503', 'MT1UWZvCVUQ', '400.0', ''),
(5951, 'pZqQRRW7PHP', 'H3PiVz5cdlS', '201503', 'jFOwIS0MEFZ', '1.0', ''),
(5952, 'pZqQRRW7PHP', 'MnMPmhXaWns', '201505', 'v0szLFkFN1L', '178.0', ''),
(5953, 'pZqQRRW7PHP', 'MnMPmhXaWns', '201504', 'v0szLFkFN1L', '40.0', ''),
(5954, 'pZqQRRW7PHP', 'MnMPmhXaWns', '201503', 'v0szLFkFN1L', '328.0', ''),
(5955, 'pZqQRRW7PHP', 'fgGcpHh5Bl6', '201503', 'qrh0ydN5iqx', '30.0', ''),
(5956, 'pZqQRRW7PHP', 'fgGcpHh5Bl6', '201504', 'qrh0ydN5iqx', '30.0', ''),
(5957, 'pZqQRRW7PHP', 'THefpTo9qAa', '201505', 'v0szLFkFN1L', '86.0', ''),
(5958, 'pZqQRRW7PHP', 'nNhisoZuTzR', '201503', 'jFOwIS0MEFZ', '179.0', ''),
(5959, 'pZqQRRW7PHP', 'nNhisoZuTzR', '201504', 'jFOwIS0MEFZ', '6.0', ''),
(5960, 'pZqQRRW7PHP', 'fgGcpHh5Bl6', '201503', 'UbFZzGAky0H', '330.0', ''),
(5961, 'pZqQRRW7PHP', 'fgGcpHh5Bl6', '201504', 'UbFZzGAky0H', '240.0', ''),
(5962, 'pZqQRRW7PHP', 'MnMPmhXaWns', '201504', 'UbFZzGAky0H', '4.0', ''),
(5963, 'pZqQRRW7PHP', 'fgGcpHh5Bl6', '201503', 'jFOwIS0MEFZ', '82.0', ''),
(5964, 'pZqQRRW7PHP', 'nNhisoZuTzR', '201503', 'HMJ9YZLMqo3', '6500.0', ''),
(5965, 'pZqQRRW7PHP', 'nNhisoZuTzR', '201504', 'HMJ9YZLMqo3', '3782.0', ''),
(5966, 'pZqQRRW7PHP', 'nNhisoZuTzR', '201504', 'MT1UWZvCVUQ', '3850.0', ''),
(5967, 'pZqQRRW7PHP', 'nNhisoZuTzR', '201505', 'HMJ9YZLMqo3', '162.0', ''),
(5968, 'pZqQRRW7PHP', 'nNhisoZuTzR', '201503', 'MT1UWZvCVUQ', '3400.0', ''),
(5969, 'pZqQRRW7PHP', 'MnMPmhXaWns', '201503', 'MT1UWZvCVUQ', '700.0', ''),
(5970, 'pZqQRRW7PHP', 'fgGcpHh5Bl6', '201503', 'LDmTsQdoXs5', '455.0', ''),
(5971, 'pZqQRRW7PHP', 'nNhisoZuTzR', '201504', 'sL6cDCzo7h9', '4022.0', ''),
(5972, 'pZqQRRW7PHP', 'MnMPmhXaWns', '201505', 'HMJ9YZLMqo3', '19.0', ''),
(5973, 'pZqQRRW7PHP', 'nNhisoZuTzR', '201505', 'sL6cDCzo7h9', '648.0', ''),
(5974, 'pZqQRRW7PHP', 'MnMPmhXaWns', '201503', 'HMJ9YZLMqo3', '1013.0', ''),
(5975, 'pZqQRRW7PHP', 'nNhisoZuTzR', '201503', 'sL6cDCzo7h9', '4839.0', ''),
(5976, 'pZqQRRW7PHP', 'MnMPmhXaWns', '201504', 'HMJ9YZLMqo3', '12.0', ''),
(5977, 'pZqQRRW7PHP', 'THefpTo9qAa', '201505', 'LDmTsQdoXs5', '2.0', ''),
(5978, 'pZqQRRW7PHP', 'fgGcpHh5Bl6', '201505', 'LDmTsQdoXs5', '7.0', ''),
(5979, 'pZqQRRW7PHP', 'fgGcpHh5Bl6', '201504', 'EJ8nUfcupBq', '120.0', ''),
(5980, 'pZqQRRW7PHP', 'fgGcpHh5Bl6', '201503', 'EJ8nUfcupBq', '2103.0', ''),
(5981, 'pZqQRRW7PHP', 'fgGcpHh5Bl6', '201504', 'LDmTsQdoXs5', '141.0', ''),
(5982, 'pZqQRRW7PHP', 'THefpTo9qAa', '201503', 'LDmTsQdoXs5', '175.0', ''),
(5983, 'pZqQRRW7PHP', 'H3PiVz5cdlS', '201504', 'EJ8nUfcupBq', '60.0', ''),
(5984, 'pZqQRRW7PHP', 'nNhisoZuTzR', '201505', 'ZxUQw1ay1cw', '2432.0', ''),
(5985, 'pZqQRRW7PHP', 'H3PiVz5cdlS', '201503', 'EJ8nUfcupBq', '496.0', ''),
(5986, 'pZqQRRW7PHP', 'MnMPmhXaWns', '201503', 'ZxUQw1ay1cw', '754.0', ''),
(5987, 'pZqQRRW7PHP', 'MnMPmhXaWns', '201504', 'ZxUQw1ay1cw', '214.0', ''),
(5988, 'pZqQRRW7PHP', 'nNhisoZuTzR', '201503', 'ZxUQw1ay1cw', '45185.0', ''),
(5989, 'pZqQRRW7PHP', 'MnMPmhXaWns', '201505', 'ZxUQw1ay1cw', '159.0', ''),
(5990, 'pZqQRRW7PHP', 'nNhisoZuTzR', '201504', 'ZxUQw1ay1cw', '22677.0', ''),
(5991, 'pZqQRRW7PHP', 'fgGcpHh5Bl6', '201505', 'HMJ9YZLMqo3', '7.0', ''),
(5992, 'pZqQRRW7PHP', 'H3PiVz5cdlS', '201504', 'ZxUQw1ay1cw', '855.0', ''),
(5993, 'pZqQRRW7PHP', 'H3PiVz5cdlS', '201505', 'ZxUQw1ay1cw', '126.0', ''),
(5994, 'pZqQRRW7PHP', 'H3PiVz5cdlS', '201503', 'ZxUQw1ay1cw', '2124.0', ''),
(5995, 'pZqQRRW7PHP', 'H3PiVz5cdlS', '201505', 'LDmTsQdoXs5', '4.0', ''),
(5996, 'pZqQRRW7PHP', 'fgGcpHh5Bl6', '201503', 'HMJ9YZLMqo3', '465.0', ''),
(5997, 'pZqQRRW7PHP', 'H3PiVz5cdlS', '201504', 'LDmTsQdoXs5', '43.0', ''),
(5998, 'pZqQRRW7PHP', 'fgGcpHh5Bl6', '201504', 'HMJ9YZLMqo3', '144.0', ''),
(5999, 'pZqQRRW7PHP', 'H3PiVz5cdlS', '201503', 'LDmTsQdoXs5', '68.0', ''),
(6000, 'pZqQRRW7PHP', 'H3PiVz5cdlS', '201503', 'qrh0ydN5iqx', '35.0', ''),
(6001, 'pZqQRRW7PHP', 'H3PiVz5cdlS', '201504', 'qrh0ydN5iqx', '76.0', ''),
(6002, 'pZqQRRW7PHP', 'MnMPmhXaWns', '201504', 'EJ8nUfcupBq', '150.0', ''),
(6003, 'pZqQRRW7PHP', 'MnMPmhXaWns', '201503', 'EJ8nUfcupBq', '220.0', ''),
(6004, 'pZqQRRW7PHP', 'nNhisoZuTzR', '201505', 'v0szLFkFN1L', '3344.0', ''),
(6005, 'pZqQRRW7PHP', 'H3PiVz5cdlS', '201504', 'UbFZzGAky0H', '76.0', ''),
(6006, 'pZqQRRW7PHP', 'nNhisoZuTzR', '201503', 'v0szLFkFN1L', '44180.0', ''),
(6007, 'pZqQRRW7PHP', 'nNhisoZuTzR', '201504', 'v0szLFkFN1L', '26500.0', ''),
(6008, 'pZqQRRW7PHP', 'H3PiVz5cdlS', '201503', 'UbFZzGAky0H', '149.0', ''),
(6009, 'pZqQRRW7PHP', 'fgGcpHh5Bl6', '201504', 'MT1UWZvCVUQ', '50.0', ''),
(6010, 'pZqQRRW7PHP', 'fgGcpHh5Bl6', '201503', 'MT1UWZvCVUQ', '510.0', ''),
(6011, 'pZqQRRW7PHP', 'fgGcpHh5Bl6', '201503', 'sL6cDCzo7h9', '836.0', ''),
(6012, 'pZqQRRW7PHP', 'THefpTo9qAa', '201504', 'Kk3atPpSnCh', '30.0', ''),
(6013, 'pZqQRRW7PHP', 'fgGcpHh5Bl6', '201504', 'v0szLFkFN1L', '2995.0', ''),
(6014, 'pZqQRRW7PHP', 'fgGcpHh5Bl6', '201503', 'v0szLFkFN1L', '10183.0', ''),
(6015, 'pZqQRRW7PHP', 'fgGcpHh5Bl6', '201505', 'v0szLFkFN1L', '540.0', ''),
(6016, 'pZqQRRW7PHP', 'fgGcpHh5Bl6', '201504', 'sL6cDCzo7h9', '558.0', ''),
(6017, 'pZqQRRW7PHP', 'fgGcpHh5Bl6', '201505', 'sL6cDCzo7h9', '30.0', ''),
(6018, 'pZqQRRW7PHP', 'H3PiVz5cdlS', '201503', 'v0szLFkFN1L', '2161.0', ''),
(6019, 'pZqQRRW7PHP', 'nNhisoZuTzR', '201504', 'UbFZzGAky0H', '1600.0', ''),
(6020, 'pZqQRRW7PHP', 'H3PiVz5cdlS', '201505', 'v0szLFkFN1L', '170.0', ''),
(6021, 'pZqQRRW7PHP', 'nNhisoZuTzR', '201503', 'UbFZzGAky0H', '2606.0', ''),
(6022, 'pZqQRRW7PHP', 'H3PiVz5cdlS', '201504', 'v0szLFkFN1L', '898.0', ''),
(6023, 'pZqQRRW7PHP', 'MnMPmhXaWns', '201503', 'jFOwIS0MEFZ', '30.0', ''),
(6024, 'pZqQRRW7PHP', 'THefpTo9qAa', '201503', 'v0szLFkFN1L', '573.0', ''),
(6025, 'pZqQRRW7PHP', 'nNhisoZuTzR', '201503', 'qrh0ydN5iqx', '650.0', ''),
(6026, 'pZqQRRW7PHP', 'nNhisoZuTzR', '201504', 'qrh0ydN5iqx', '750.0', ''),
(6027, 'pZqQRRW7PHP', 'nNhisoZuTzR', '201505', 'LDmTsQdoXs5', '144.0', ''),
(6028, 'pZqQRRW7PHP', 'fgGcpHh5Bl6', '201505', 'ZxUQw1ay1cw', '422.0', ''),
(6029, 'pZqQRRW7PHP', 'nNhisoZuTzR', '201504', 'LDmTsQdoXs5', '3718.0', ''),
(6030, 'pZqQRRW7PHP', 'fgGcpHh5Bl6', '201503', 'ZxUQw1ay1cw', '10962.0', ''),
(6031, 'pZqQRRW7PHP', 'nNhisoZuTzR', '201503', 'LDmTsQdoXs5', '6151.0', ''),
(6032, 'pZqQRRW7PHP', 'fgGcpHh5Bl6', '201504', 'ZxUQw1ay1cw', '2856.0', ''),
(6033, 'pZqQRRW7PHP', 'THefpTo9qAa', '201505', 'ZxUQw1ay1cw', '84.0', ''),
(6034, 'pZqQRRW7PHP', 'THefpTo9qAa', '201503', 'ZxUQw1ay1cw', '371.0', ''),
(6035, 'pZqQRRW7PHP', 'MnMPmhXaWns', '201503', 'qrh0ydN5iqx', '1500.0', ''),
(6036, 'pZqQRRW7PHP', 'MnMPmhXaWns', '201503', 'LDmTsQdoXs5', '1043.0', ''),
(6037, 'pZqQRRW7PHP', 'MnMPmhXaWns', '201504', 'LDmTsQdoXs5', '12.0', ''),
(6038, 'pZqQRRW7PHP', 'MnMPmhXaWns', '201505', 'LDmTsQdoXs5', '19.0', ''),
(6039, 'pZqQRRW7PHP', 'H3PiVz5cdlS', '201504', 'HMJ9YZLMqo3', '45.0', ''),
(6040, 'pZqQRRW7PHP', 'H3PiVz5cdlS', '201505', 'HMJ9YZLMqo3', '4.0', ''),
(6041, 'pZqQRRW7PHP', 'H3PiVz5cdlS', '201503', 'HMJ9YZLMqo3', '108.0', ''),
(6042, 'qKzosKQPl6G', 'nNhisoZuTzR', '201503', 'EJ8nUfcupBq', '1300.0', ''),
(6043, 'qKzosKQPl6G', 'H3PiVz5cdlS', '201503', 'sL6cDCzo7h9', '59.0', ''),
(6044, 'qKzosKQPl6G', 'H3PiVz5cdlS', '201503', 'ZxUQw1ay1cw', '405.0', ''),
(6045, 'qKzosKQPl6G', 'fgGcpHh5Bl6', '201503', 'HMJ9YZLMqo3', '119.0', ''),
(6046, 'qKzosKQPl6G', 'H3PiVz5cdlS', '201503', 'LDmTsQdoXs5', '20.0', ''),
(6047, 'qKzosKQPl6G', 'H3PiVz5cdlS', '201503', 'MT1UWZvCVUQ', '40.0', ''),
(6048, 'qKzosKQPl6G', 'H3PiVz5cdlS', '201503', 'qrh0ydN5iqx', '140.0', ''),
(6049, 'qKzosKQPl6G', 'nNhisoZuTzR', '201503', 'HMJ9YZLMqo3', '2438.0', ''),
(6050, 'qKzosKQPl6G', 'nNhisoZuTzR', '201503', 'v0szLFkFN1L', '3344.0', ''),
(6051, 'qKzosKQPl6G', 'nNhisoZuTzR', '201503', 'MT1UWZvCVUQ', '8500.0', ''),
(6052, 'qKzosKQPl6G', 'H3PiVz5cdlS', '201503', 'UbFZzGAky0H', '40.0', ''),
(6053, 'qKzosKQPl6G', 'nNhisoZuTzR', '201503', 'qrh0ydN5iqx', '1375.0', ''),
(6054, 'qKzosKQPl6G', 'fgGcpHh5Bl6', '201503', 'LDmTsQdoXs5', '119.0', ''),
(6055, 'qKzosKQPl6G', 'fgGcpHh5Bl6', '201503', 'MT1UWZvCVUQ', '270.0', ''),
(6056, 'qKzosKQPl6G', 'nNhisoZuTzR', '201503', 'sL6cDCzo7h9', '62.0', ''),
(6057, 'qKzosKQPl6G', 'fgGcpHh5Bl6', '201503', 'EJ8nUfcupBq', '180.0', ''),
(6058, 'qKzosKQPl6G', 'fgGcpHh5Bl6', '201503', 'qrh0ydN5iqx', '120.0', ''),
(6059, 'qKzosKQPl6G', 'fgGcpHh5Bl6', '201503', 'sL6cDCzo7h9', '111.0', ''),
(6060, 'qKzosKQPl6G', 'fgGcpHh5Bl6', '201503', 'ZxUQw1ay1cw', '864.0', ''),
(6061, 'qKzosKQPl6G', 'nNhisoZuTzR', '201503', 'LDmTsQdoXs5', '2438.0', ''),
(6062, 'qKzosKQPl6G', 'H3PiVz5cdlS', '201503', 'EJ8nUfcupBq', '80.0', ''),
(6063, 'qKzosKQPl6G', 'fgGcpHh5Bl6', '201503', 'v0szLFkFN1L', '888.0', ''),
(6064, 'qKzosKQPl6G', 'nNhisoZuTzR', '201503', 'ZxUQw1ay1cw', '2698.0', ''),
(6065, 'qKzosKQPl6G', 'fgGcpHh5Bl6', '201503', 'UbFZzGAky0H', '60.0', ''),
(6066, 'qKzosKQPl6G', 'H3PiVz5cdlS', '201503', 'v0szLFkFN1L', '500.0', ''),
(6067, 'qKzosKQPl6G', 'nNhisoZuTzR', '201503', 'UbFZzGAky0H', '883.0', ''),
(6068, 'qKzosKQPl6G', 'H3PiVz5cdlS', '201503', 'HMJ9YZLMqo3', '20.0', ''),
(6069, 'QyGNX2DpR4h', 'nNhisoZuTzR', '201503', 'EJ8nUfcupBq', '262.0', ''),
(6070, 'QyGNX2DpR4h', 'fgGcpHh5Bl6', '201503', 'ZxUQw1ay1cw', '30.0', ''),
(6071, 'QyGNX2DpR4h', 'nNhisoZuTzR', '201503', 'LDmTsQdoXs5', '10.0', ''),
(6072, 'QyGNX2DpR4h', 'H3PiVz5cdlS', '201503', 'ZxUQw1ay1cw', '20.0', ''),
(6073, 'QyGNX2DpR4h', 'H3PiVz5cdlS', '201503', 'EJ8nUfcupBq', '40.0', ''),
(6074, 'QyGNX2DpR4h', 'fgGcpHh5Bl6', '201503', 'v0szLFkFN1L', '30.0', ''),
(6075, 'QyGNX2DpR4h', 'nNhisoZuTzR', '201503', 'ZxUQw1ay1cw', '100.0', ''),
(6076, 'QyGNX2DpR4h', 'nNhisoZuTzR', '201503', 'jFOwIS0MEFZ', '10.0', ''),
(6077, 'QyGNX2DpR4h', 'nNhisoZuTzR', '201503', 'v0szLFkFN1L', '50.0', ''),
(6078, 'QyGNX2DpR4h', 'H3PiVz5cdlS', '201503', 'UbFZzGAky0H', '20.0', ''),
(6079, 'QyGNX2DpR4h', 'fgGcpHh5Bl6', '201503', 'UbFZzGAky0H', '60.0', ''),
(6080, 'QyGNX2DpR4h', 'H3PiVz5cdlS', '201503', 'v0szLFkFN1L', '20.0', ''),
(6081, 'QyGNX2DpR4h', 'nNhisoZuTzR', '201503', 'UbFZzGAky0H', '152.0', ''),
(6082, 'QyGNX2DpR4h', 'fgGcpHh5Bl6', '201503', 'EJ8nUfcupBq', '90.0', ''),
(6083, 'sANMZ3lpqGs', 'H3PiVz5cdlS', '201505', 'sL6cDCzo7h9', '20.0', ''),
(6084, 'sANMZ3lpqGs', 'nNhisoZuTzR', '201503', 'EJ8nUfcupBq', '1019.0', ''),
(6085, 'sANMZ3lpqGs', 'H3PiVz5cdlS', '201503', 'sL6cDCzo7h9', '423.0', ''),
(6086, 'sANMZ3lpqGs', 'H3PiVz5cdlS', '201504', 'sL6cDCzo7h9', '110.0', ''),
(6087, 'sANMZ3lpqGs', 'fgGcpHh5Bl6', '201505', 'HMJ9YZLMqo3', '55.0', ''),
(6088, 'sANMZ3lpqGs', 'H3PiVz5cdlS', '201504', 'ZxUQw1ay1cw', '480.0', ''),
(6089, 'sANMZ3lpqGs', 'H3PiVz5cdlS', '201505', 'ZxUQw1ay1cw', '612.0', ''),
(6090, 'sANMZ3lpqGs', 'nNhisoZuTzR', '201505', 'EJ8nUfcupBq', '2250.0', ''),
(6091, 'sANMZ3lpqGs', 'H3PiVz5cdlS', '201503', 'ZxUQw1ay1cw', '1794.0', ''),
(6092, 'sANMZ3lpqGs', 'H3PiVz5cdlS', '201505', 'LDmTsQdoXs5', '10.0', ''),
(6093, 'sANMZ3lpqGs', 'fgGcpHh5Bl6', '201503', 'HMJ9YZLMqo3', '328.0', ''),
(6094, 'sANMZ3lpqGs', 'H3PiVz5cdlS', '201504', 'LDmTsQdoXs5', '24.0', ''),
(6095, 'sANMZ3lpqGs', 'H3PiVz5cdlS', '201505', 'MT1UWZvCVUQ', '200.0', ''),
(6096, 'sANMZ3lpqGs', 'fgGcpHh5Bl6', '201504', 'HMJ9YZLMqo3', '72.0', ''),
(6097, 'sANMZ3lpqGs', 'H3PiVz5cdlS', '201503', 'LDmTsQdoXs5', '68.0', ''),
(6098, 'sANMZ3lpqGs', 'H3PiVz5cdlS', '201503', 'MT1UWZvCVUQ', '370.0', ''),
(6099, 'sANMZ3lpqGs', 'H3PiVz5cdlS', '201503', 'qrh0ydN5iqx', '32.0', ''),
(6100, 'sANMZ3lpqGs', 'nNhisoZuTzR', '201505', 'v0szLFkFN1L', '4555.0', ''),
(6101, 'sANMZ3lpqGs', 'H3PiVz5cdlS', '201505', 'UbFZzGAky0H', '10.0', ''),
(6102, 'sANMZ3lpqGs', 'nNhisoZuTzR', '201503', 'v0szLFkFN1L', '38095.0', ''),
(6103, 'sANMZ3lpqGs', 'nNhisoZuTzR', '201504', 'v0szLFkFN1L', '10753.0', ''),
(6104, 'sANMZ3lpqGs', 'H3PiVz5cdlS', '201503', 'UbFZzGAky0H', '189.0', ''),
(6105, 'sANMZ3lpqGs', 'fgGcpHh5Bl6', '201504', 'MT1UWZvCVUQ', '30.0', ''),
(6106, 'sANMZ3lpqGs', 'H3PiVz5cdlS', '201503', 'jFOwIS0MEFZ', '14.0', ''),
(6107, 'sANMZ3lpqGs', 'fgGcpHh5Bl6', '201503', 'MT1UWZvCVUQ', '1601.0', ''),
(6108, 'sANMZ3lpqGs', 'H3PiVz5cdlS', '201505', 'jFOwIS0MEFZ', '34.0', ''),
(6109, 'sANMZ3lpqGs', 'MnMPmhXaWns', '201504', 'v0szLFkFN1L', '345.0', ''),
(6110, 'sANMZ3lpqGs', 'MnMPmhXaWns', '201503', 'v0szLFkFN1L', '167.0', ''),
(6111, 'sANMZ3lpqGs', 'fgGcpHh5Bl6', '201503', 'qrh0ydN5iqx', '92.0', ''),
(6112, 'sANMZ3lpqGs', 'fgGcpHh5Bl6', '201503', 'sL6cDCzo7h9', '665.0', ''),
(6113, 'sANMZ3lpqGs', 'nNhisoZuTzR', '201503', 'Kk3atPpSnCh', '120.0', ''),
(6114, 'sANMZ3lpqGs', 'fgGcpHh5Bl6', '201504', 'v0szLFkFN1L', '1741.0', ''),
(6115, 'sANMZ3lpqGs', 'fgGcpHh5Bl6', '201503', 'v0szLFkFN1L', '8385.0', ''),
(6116, 'sANMZ3lpqGs', 'fgGcpHh5Bl6', '201505', 'v0szLFkFN1L', '1237.0', ''),
(6117, 'sANMZ3lpqGs', 'fgGcpHh5Bl6', '201504', 'sL6cDCzo7h9', '86.0', ''),
(6118, 'sANMZ3lpqGs', 'fgGcpHh5Bl6', '201505', 'sL6cDCzo7h9', '243.0', ''),
(6119, 'sANMZ3lpqGs', 'nNhisoZuTzR', '201503', 'jFOwIS0MEFZ', '313.0', ''),
(6120, 'sANMZ3lpqGs', 'fgGcpHh5Bl6', '201505', 'UbFZzGAky0H', '20.0', ''),
(6121, 'sANMZ3lpqGs', 'fgGcpHh5Bl6', '201503', 'UbFZzGAky0H', '682.0', ''),
(6122, 'sANMZ3lpqGs', 'H3PiVz5cdlS', '201503', 'v0szLFkFN1L', '2056.0', ''),
(6123, 'sANMZ3lpqGs', 'nNhisoZuTzR', '201504', 'UbFZzGAky0H', '20.0', ''),
(6124, 'sANMZ3lpqGs', 'H3PiVz5cdlS', '201505', 'v0szLFkFN1L', '515.0', ''),
(6125, 'sANMZ3lpqGs', 'nNhisoZuTzR', '201503', 'UbFZzGAky0H', '3933.0', ''),
(6126, 'sANMZ3lpqGs', 'H3PiVz5cdlS', '201504', 'v0szLFkFN1L', '504.0', ''),
(6127, 'sANMZ3lpqGs', 'nNhisoZuTzR', '201505', 'UbFZzGAky0H', '61.0', ''),
(6128, 'sANMZ3lpqGs', 'H3PiVz5cdlS', '201503', 'Kk3atPpSnCh', '90.0', ''),
(6129, 'sANMZ3lpqGs', 'fgGcpHh5Bl6', '201505', 'jFOwIS0MEFZ', '1.0', ''),
(6130, 'sANMZ3lpqGs', 'fgGcpHh5Bl6', '201504', 'jFOwIS0MEFZ', '1.0', ''),
(6131, 'sANMZ3lpqGs', 'fgGcpHh5Bl6', '201503', 'jFOwIS0MEFZ', '1648.0', ''),
(6132, 'sANMZ3lpqGs', 'nNhisoZuTzR', '201503', 'HMJ9YZLMqo3', '7285.0', ''),
(6133, 'sANMZ3lpqGs', 'nNhisoZuTzR', '201504', 'HMJ9YZLMqo3', '1110.0', ''),
(6134, 'sANMZ3lpqGs', 'nNhisoZuTzR', '201505', 'MT1UWZvCVUQ', '2000.0', ''),
(6135, 'sANMZ3lpqGs', 'nNhisoZuTzR', '201504', 'MT1UWZvCVUQ', '1050.0', ''),
(6136, 'sANMZ3lpqGs', 'nNhisoZuTzR', '201505', 'HMJ9YZLMqo3', '1999.0', ''),
(6137, 'sANMZ3lpqGs', 'nNhisoZuTzR', '201503', 'MT1UWZvCVUQ', '11333.0', ''),
(6138, 'sANMZ3lpqGs', 'MnMPmhXaWns', '201504', 'MT1UWZvCVUQ', '150.0', ''),
(6139, 'sANMZ3lpqGs', 'MnMPmhXaWns', '201503', 'MT1UWZvCVUQ', '450.0', ''),
(6140, 'sANMZ3lpqGs', 'nNhisoZuTzR', '201503', 'qrh0ydN5iqx', '2409.0', ''),
(6141, 'sANMZ3lpqGs', 'fgGcpHh5Bl6', '201503', 'LDmTsQdoXs5', '306.0', ''),
(6142, 'sANMZ3lpqGs', 'nNhisoZuTzR', '201505', 'qrh0ydN5iqx', '550.0', ''),
(6143, 'sANMZ3lpqGs', 'nNhisoZuTzR', '201504', 'sL6cDCzo7h9', '908.0', ''),
(6144, 'sANMZ3lpqGs', 'nNhisoZuTzR', '201505', 'sL6cDCzo7h9', '786.0', ''),
(6145, 'sANMZ3lpqGs', 'MnMPmhXaWns', '201503', 'HMJ9YZLMqo3', '145.0', ''),
(6146, 'sANMZ3lpqGs', 'nNhisoZuTzR', '201503', 'sL6cDCzo7h9', '1393.0', ''),
(6147, 'sANMZ3lpqGs', 'MnMPmhXaWns', '201504', 'HMJ9YZLMqo3', '181.0', ''),
(6148, 'sANMZ3lpqGs', 'fgGcpHh5Bl6', '201505', 'EJ8nUfcupBq', '140.0', ''),
(6149, 'sANMZ3lpqGs', 'fgGcpHh5Bl6', '201505', 'LDmTsQdoXs5', '40.0', ''),
(6150, 'sANMZ3lpqGs', 'fgGcpHh5Bl6', '201504', 'LDmTsQdoXs5', '71.0', ''),
(6151, 'sANMZ3lpqGs', 'fgGcpHh5Bl6', '201503', 'EJ8nUfcupBq', '160.0', ''),
(6152, 'sANMZ3lpqGs', 'nNhisoZuTzR', '201505', 'LDmTsQdoXs5', '1999.0', ''),
(6153, 'sANMZ3lpqGs', 'fgGcpHh5Bl6', '201505', 'ZxUQw1ay1cw', '1247.0', ''),
(6154, 'sANMZ3lpqGs', 'nNhisoZuTzR', '201504', 'LDmTsQdoXs5', '1110.0', ''),
(6155, 'sANMZ3lpqGs', 'fgGcpHh5Bl6', '201503', 'ZxUQw1ay1cw', '5714.0', ''),
(6156, 'sANMZ3lpqGs', 'nNhisoZuTzR', '201503', 'LDmTsQdoXs5', '7002.0', ''),
(6157, 'sANMZ3lpqGs', 'fgGcpHh5Bl6', '201504', 'ZxUQw1ay1cw', '1668.0', ''),
(6158, 'sANMZ3lpqGs', 'H3PiVz5cdlS', '201505', 'EJ8nUfcupBq', '140.0', ''),
(6159, 'sANMZ3lpqGs', 'nNhisoZuTzR', '201505', 'ZxUQw1ay1cw', '5523.0', ''),
(6160, 'sANMZ3lpqGs', 'H3PiVz5cdlS', '201503', 'EJ8nUfcupBq', '2.0', ''),
(6161, 'sANMZ3lpqGs', 'MnMPmhXaWns', '201503', 'ZxUQw1ay1cw', '195.0', ''),
(6162, 'sANMZ3lpqGs', 'MnMPmhXaWns', '201504', 'ZxUQw1ay1cw', '464.0', ''),
(6163, 'sANMZ3lpqGs', 'nNhisoZuTzR', '201503', 'ZxUQw1ay1cw', '29574.0', ''),
(6164, 'sANMZ3lpqGs', 'MnMPmhXaWns', '201503', 'qrh0ydN5iqx', '147.0', ''),
(6165, 'sANMZ3lpqGs', 'nNhisoZuTzR', '201504', 'ZxUQw1ay1cw', '9623.0', ''),
(6166, 'sANMZ3lpqGs', 'MnMPmhXaWns', '201503', 'LDmTsQdoXs5', '145.0', ''),
(6167, 'sANMZ3lpqGs', 'MnMPmhXaWns', '201504', 'qrh0ydN5iqx', '200.0', ''),
(6168, 'sANMZ3lpqGs', 'MnMPmhXaWns', '201504', 'LDmTsQdoXs5', '181.0', ''),
(6169, 'sANMZ3lpqGs', 'H3PiVz5cdlS', '201504', 'HMJ9YZLMqo3', '24.0', ''),
(6170, 'sANMZ3lpqGs', 'H3PiVz5cdlS', '201505', 'HMJ9YZLMqo3', '11.0', ''),
(6171, 'sANMZ3lpqGs', 'H3PiVz5cdlS', '201503', 'HMJ9YZLMqo3', '68.0', ''),
(6172, 'sPkRcDvhGWA', 'nNhisoZuTzR', '201504', 'EJ8nUfcupBq', '476.0', ''),
(6173, 'sPkRcDvhGWA', 'H3PiVz5cdlS', '201505', 'sL6cDCzo7h9', '68.0', ''),
(6174, 'sPkRcDvhGWA', 'nNhisoZuTzR', '201503', 'EJ8nUfcupBq', '2709.0', ''),
(6175, 'sPkRcDvhGWA', 'H3PiVz5cdlS', '201503', 'sL6cDCzo7h9', '276.0', ''),
(6176, 'sPkRcDvhGWA', 'H3PiVz5cdlS', '201504', 'sL6cDCzo7h9', '198.0', ''),
(6177, 'sPkRcDvhGWA', 'nNhisoZuTzR', '201505', 'EJ8nUfcupBq', '8300.0', ''),
(6178, 'sPkRcDvhGWA', 'H3PiVz5cdlS', '201505', 'MT1UWZvCVUQ', '180.0', ''),
(6179, 'sPkRcDvhGWA', 'H3PiVz5cdlS', '201504', 'MT1UWZvCVUQ', '1550.0', ''),
(6180, 'sPkRcDvhGWA', 'H3PiVz5cdlS', '201503', 'MT1UWZvCVUQ', '2595.0', ''),
(6181, 'sPkRcDvhGWA', 'THefpTo9qAa', '201503', 'MT1UWZvCVUQ', '1200.0', ''),
(6182, 'sPkRcDvhGWA', 'THefpTo9qAa', '201504', 'MT1UWZvCVUQ', '1000.0', ''),
(6183, 'sPkRcDvhGWA', 'H3PiVz5cdlS', '201503', 'jFOwIS0MEFZ', '21.0', ''),
(6184, 'sPkRcDvhGWA', 'MnMPmhXaWns', '201504', 'v0szLFkFN1L', '321.0', ''),
(6185, 'sPkRcDvhGWA', 'MnMPmhXaWns', '201503', 'v0szLFkFN1L', '221.0', ''),
(6186, 'sPkRcDvhGWA', 'fgGcpHh5Bl6', '201503', 'qrh0ydN5iqx', '234.0', ''),
(6187, 'sPkRcDvhGWA', 'fgGcpHh5Bl6', '201504', 'qrh0ydN5iqx', '13.0', ''),
(6188, 'sPkRcDvhGWA', 'nNhisoZuTzR', '201503', 'Kk3atPpSnCh', '313.0', ''),
(6189, 'sPkRcDvhGWA', 'nNhisoZuTzR', '201504', 'Kk3atPpSnCh', '275.0', ''),
(6190, 'sPkRcDvhGWA', 'fgGcpHh5Bl6', '201505', 'qrh0ydN5iqx', '5.0', ''),
(6191, 'sPkRcDvhGWA', 'nNhisoZuTzR', '201505', 'Kk3atPpSnCh', '180.0', ''),
(6192, 'sPkRcDvhGWA', 'fgGcpHh5Bl6', '201503', 'Kk3atPpSnCh', '57.0', ''),
(6193, 'sPkRcDvhGWA', 'nNhisoZuTzR', '201503', 'jFOwIS0MEFZ', '10.0', ''),
(6194, 'sPkRcDvhGWA', 'nNhisoZuTzR', '201504', 'jFOwIS0MEFZ', '3.0', ''),
(6195, 'sPkRcDvhGWA', 'fgGcpHh5Bl6', '201504', 'Kk3atPpSnCh', '60.0', ''),
(6196, 'sPkRcDvhGWA', 'fgGcpHh5Bl6', '201503', 'UbFZzGAky0H', '660.0', ''),
(6197, 'sPkRcDvhGWA', 'fgGcpHh5Bl6', '201504', 'UbFZzGAky0H', '64.0', ''),
(6198, 'sPkRcDvhGWA', 'fgGcpHh5Bl6', '201504', 'jFOwIS0MEFZ', '1.0', ''),
(6199, 'sPkRcDvhGWA', 'fgGcpHh5Bl6', '201503', 'jFOwIS0MEFZ', '29.0', ''),
(6200, 'sPkRcDvhGWA', 'nNhisoZuTzR', '201503', 'HMJ9YZLMqo3', '22972.0', ''),
(6201, 'sPkRcDvhGWA', 'nNhisoZuTzR', '201504', 'HMJ9YZLMqo3', '7128.0', ''),
(6202, 'sPkRcDvhGWA', 'nNhisoZuTzR', '201505', 'MT1UWZvCVUQ', '29200.0', ''),
(6203, 'sPkRcDvhGWA', 'nNhisoZuTzR', '201504', 'MT1UWZvCVUQ', '62550.0', ''),
(6204, 'sPkRcDvhGWA', 'nNhisoZuTzR', '201505', 'HMJ9YZLMqo3', '2323.0', ''),
(6205, 'sPkRcDvhGWA', 'nNhisoZuTzR', '201503', 'MT1UWZvCVUQ', '149320.0', ''),
(6206, 'sPkRcDvhGWA', 'MnMPmhXaWns', '201504', 'MT1UWZvCVUQ', '900.0', ''),
(6207, 'sPkRcDvhGWA', 'MnMPmhXaWns', '201503', 'MT1UWZvCVUQ', '150.0', ''),
(6208, 'sPkRcDvhGWA', 'fgGcpHh5Bl6', '201503', 'LDmTsQdoXs5', '630.0', ''),
(6209, 'sPkRcDvhGWA', 'nNhisoZuTzR', '201504', 'sL6cDCzo7h9', '258.0', ''),
(6210, 'sPkRcDvhGWA', 'nNhisoZuTzR', '201505', 'sL6cDCzo7h9', '33.0', ''),
(6211, 'sPkRcDvhGWA', 'MnMPmhXaWns', '201503', 'HMJ9YZLMqo3', '49.0', ''),
(6212, 'sPkRcDvhGWA', 'nNhisoZuTzR', '201503', 'sL6cDCzo7h9', '153.0', ''),
(6213, 'sPkRcDvhGWA', 'MnMPmhXaWns', '201504', 'HMJ9YZLMqo3', '91.0', ''),
(6214, 'sPkRcDvhGWA', 'MnMPmhXaWns', '201504', 'Kk3atPpSnCh', '35.0', ''),
(6215, 'sPkRcDvhGWA', 'fgGcpHh5Bl6', '201505', 'EJ8nUfcupBq', '660.0', ''),
(6216, 'sPkRcDvhGWA', 'fgGcpHh5Bl6', '201505', 'LDmTsQdoXs5', '66.0', ''),
(6217, 'sPkRcDvhGWA', 'fgGcpHh5Bl6', '201504', 'EJ8nUfcupBq', '46.0', ''),
(6218, 'sPkRcDvhGWA', 'fgGcpHh5Bl6', '201504', 'LDmTsQdoXs5', '161.0', ''),
(6219, 'sPkRcDvhGWA', 'fgGcpHh5Bl6', '201503', 'EJ8nUfcupBq', '353.0', ''),
(6220, 'sPkRcDvhGWA', 'H3PiVz5cdlS', '201505', 'EJ8nUfcupBq', '260.0', ''),
(6221, 'sPkRcDvhGWA', 'H3PiVz5cdlS', '201504', 'EJ8nUfcupBq', '33.0', ''),
(6222, 'sPkRcDvhGWA', 'nNhisoZuTzR', '201505', 'ZxUQw1ay1cw', '8335.0', ''),
(6223, 'sPkRcDvhGWA', 'H3PiVz5cdlS', '201503', 'EJ8nUfcupBq', '239.0', ''),
(6224, 'sPkRcDvhGWA', 'MnMPmhXaWns', '201503', 'ZxUQw1ay1cw', '144.0', ''),
(6225, 'sPkRcDvhGWA', 'MnMPmhXaWns', '201504', 'ZxUQw1ay1cw', '303.0', ''),
(6226, 'sPkRcDvhGWA', 'nNhisoZuTzR', '201503', 'ZxUQw1ay1cw', '31046.0', ''),
(6227, 'sPkRcDvhGWA', 'nNhisoZuTzR', '201504', 'ZxUQw1ay1cw', '10761.0', ''),
(6228, 'sPkRcDvhGWA', 'fgGcpHh5Bl6', '201505', 'HMJ9YZLMqo3', '66.0', ''),
(6229, 'sPkRcDvhGWA', 'H3PiVz5cdlS', '201504', 'ZxUQw1ay1cw', '1569.0', ''),
(6230, 'sPkRcDvhGWA', 'H3PiVz5cdlS', '201505', 'ZxUQw1ay1cw', '699.0', ''),
(6231, 'sPkRcDvhGWA', 'H3PiVz5cdlS', '201503', 'ZxUQw1ay1cw', '2871.0', ''),
(6232, 'sPkRcDvhGWA', 'H3PiVz5cdlS', '201505', 'LDmTsQdoXs5', '12.0', ''),
(6233, 'sPkRcDvhGWA', 'fgGcpHh5Bl6', '201503', 'HMJ9YZLMqo3', '632.0', ''),
(6234, 'sPkRcDvhGWA', 'H3PiVz5cdlS', '201504', 'LDmTsQdoXs5', '49.0', ''),
(6235, 'sPkRcDvhGWA', 'fgGcpHh5Bl6', '201504', 'HMJ9YZLMqo3', '167.0', ''),
(6236, 'sPkRcDvhGWA', 'H3PiVz5cdlS', '201503', 'LDmTsQdoXs5', '100.0', ''),
(6237, 'sPkRcDvhGWA', 'H3PiVz5cdlS', '201503', 'qrh0ydN5iqx', '118.0', ''),
(6238, 'sPkRcDvhGWA', 'H3PiVz5cdlS', '201505', 'qrh0ydN5iqx', '1.0', ''),
(6239, 'sPkRcDvhGWA', 'nNhisoZuTzR', '201505', 'v0szLFkFN1L', '2469.0', ''),
(6240, 'sPkRcDvhGWA', 'H3PiVz5cdlS', '201504', 'UbFZzGAky0H', '12.0', ''),
(6241, 'sPkRcDvhGWA', 'nNhisoZuTzR', '201503', 'v0szLFkFN1L', '49270.0', ''),
(6242, 'sPkRcDvhGWA', 'nNhisoZuTzR', '201504', 'v0szLFkFN1L', '15578.0', ''),
(6243, 'sPkRcDvhGWA', 'H3PiVz5cdlS', '201503', 'UbFZzGAky0H', '65.0', ''),
(6244, 'sPkRcDvhGWA', 'fgGcpHh5Bl6', '201504', 'MT1UWZvCVUQ', '2691.0', ''),
(6245, 'sPkRcDvhGWA', 'fgGcpHh5Bl6', '201503', 'MT1UWZvCVUQ', '5970.0', ''),
(6246, 'sPkRcDvhGWA', 'fgGcpHh5Bl6', '201503', 'sL6cDCzo7h9', '306.0', ''),
(6247, 'sPkRcDvhGWA', 'fgGcpHh5Bl6', '201504', 'v0szLFkFN1L', '5431.0', ''),
(6248, 'sPkRcDvhGWA', 'fgGcpHh5Bl6', '201503', 'v0szLFkFN1L', '11921.0', ''),
(6249, 'sPkRcDvhGWA', 'fgGcpHh5Bl6', '201505', 'v0szLFkFN1L', '1661.0', ''),
(6250, 'sPkRcDvhGWA', 'fgGcpHh5Bl6', '201504', 'sL6cDCzo7h9', '314.0', ''),
(6251, 'sPkRcDvhGWA', 'fgGcpHh5Bl6', '201505', 'sL6cDCzo7h9', '215.0', ''),
(6252, 'sPkRcDvhGWA', 'H3PiVz5cdlS', '201503', 'v0szLFkFN1L', '2733.0', ''),
(6253, 'sPkRcDvhGWA', 'nNhisoZuTzR', '201504', 'UbFZzGAky0H', '685.0', ''),
(6254, 'sPkRcDvhGWA', 'H3PiVz5cdlS', '201505', 'v0szLFkFN1L', '460.0', ''),
(6255, 'sPkRcDvhGWA', 'MnMPmhXaWns', '201504', 'jFOwIS0MEFZ', '4.0', ''),
(6256, 'sPkRcDvhGWA', 'nNhisoZuTzR', '201503', 'UbFZzGAky0H', '3951.0', ''),
(6257, 'sPkRcDvhGWA', 'H3PiVz5cdlS', '201504', 'v0szLFkFN1L', '1664.0', ''),
(6258, 'sPkRcDvhGWA', 'H3PiVz5cdlS', '201504', 'Kk3atPpSnCh', '120.0', ''),
(6259, 'sPkRcDvhGWA', 'nNhisoZuTzR', '201505', 'UbFZzGAky0H', '350.0', ''),
(6260, 'sPkRcDvhGWA', 'H3PiVz5cdlS', '201503', 'Kk3atPpSnCh', '74.0', ''),
(6261, 'sPkRcDvhGWA', 'nNhisoZuTzR', '201503', 'qrh0ydN5iqx', '5439.0', ''),
(6262, 'sPkRcDvhGWA', 'nNhisoZuTzR', '201504', 'qrh0ydN5iqx', '2626.0', ''),
(6263, 'sPkRcDvhGWA', 'nNhisoZuTzR', '201505', 'qrh0ydN5iqx', '250.0', ''),
(6264, 'sPkRcDvhGWA', 'nNhisoZuTzR', '201505', 'LDmTsQdoXs5', '2323.0', ''),
(6265, 'sPkRcDvhGWA', 'fgGcpHh5Bl6', '201505', 'ZxUQw1ay1cw', '2220.0', ''),
(6266, 'sPkRcDvhGWA', 'nNhisoZuTzR', '201504', 'LDmTsQdoXs5', '7135.0', ''),
(6267, 'sPkRcDvhGWA', 'fgGcpHh5Bl6', '201503', 'ZxUQw1ay1cw', '11030.0', ''),
(6268, 'sPkRcDvhGWA', 'nNhisoZuTzR', '201503', 'LDmTsQdoXs5', '22774.0', ''),
(6269, 'sPkRcDvhGWA', 'fgGcpHh5Bl6', '201504', 'ZxUQw1ay1cw', '5315.0', ''),
(6270, 'sPkRcDvhGWA', 'fgGcpHh5Bl6', '201505', 'MT1UWZvCVUQ', '330.0', ''),
(6271, 'sPkRcDvhGWA', 'MnMPmhXaWns', '201503', 'LDmTsQdoXs5', '49.0', ''),
(6272, 'sPkRcDvhGWA', 'MnMPmhXaWns', '201504', 'qrh0ydN5iqx', '110.0', ''),
(6273, 'sPkRcDvhGWA', 'MnMPmhXaWns', '201504', 'LDmTsQdoXs5', '98.0', ''),
(6274, 'sPkRcDvhGWA', 'H3PiVz5cdlS', '201504', 'HMJ9YZLMqo3', '49.0', ''),
(6275, 'sPkRcDvhGWA', 'H3PiVz5cdlS', '201505', 'HMJ9YZLMqo3', '12.0', ''),
(6276, 'sPkRcDvhGWA', 'H3PiVz5cdlS', '201503', 'HMJ9YZLMqo3', '106.0', ''),
(6277, 't0J75eHKxz5', 'nNhisoZuTzR', '201504', 'EJ8nUfcupBq', '1420.0', ''),
(6278, 't0J75eHKxz5', 'H3PiVz5cdlS', '201505', 'sL6cDCzo7h9', '206.0', ''),
(6279, 't0J75eHKxz5', 'nNhisoZuTzR', '201503', 'EJ8nUfcupBq', '12960.0', ''),
(6280, 't0J75eHKxz5', 'H3PiVz5cdlS', '201503', 'sL6cDCzo7h9', '303.0', ''),
(6281, 't0J75eHKxz5', 'H3PiVz5cdlS', '201504', 'sL6cDCzo7h9', '203.0', ''),
(6282, 't0J75eHKxz5', 'nNhisoZuTzR', '201505', 'EJ8nUfcupBq', '100.0', ''),
(6283, 't0J75eHKxz5', 'H3PiVz5cdlS', '201505', 'MT1UWZvCVUQ', '395.0', ''),
(6284, 't0J75eHKxz5', 'H3PiVz5cdlS', '201504', 'MT1UWZvCVUQ', '565.0', ''),
(6285, 't0J75eHKxz5', 'H3PiVz5cdlS', '201503', 'MT1UWZvCVUQ', '690.0', ''),
(6286, 't0J75eHKxz5', 'THefpTo9qAa', '201504', 'HMJ9YZLMqo3', '43.0', ''),
(6287, 't0J75eHKxz5', 'THefpTo9qAa', '201503', 'HMJ9YZLMqo3', '41.0', ''),
(6288, 't0J75eHKxz5', 'THefpTo9qAa', '201503', 'MT1UWZvCVUQ', '670.0', ''),
(6289, 't0J75eHKxz5', 'THefpTo9qAa', '201504', 'MT1UWZvCVUQ', '300.0', ''),
(6290, 't0J75eHKxz5', 'THefpTo9qAa', '201505', 'MT1UWZvCVUQ', '220.0', ''),
(6291, 't0J75eHKxz5', 'H3PiVz5cdlS', '201503', 'jFOwIS0MEFZ', '1.0', ''),
(6292, 't0J75eHKxz5', 'MnMPmhXaWns', '201505', 'v0szLFkFN1L', '38.0', ''),
(6293, 't0J75eHKxz5', 'MnMPmhXaWns', '201504', 'v0szLFkFN1L', '111.0', ''),
(6294, 't0J75eHKxz5', 'MnMPmhXaWns', '201503', 'v0szLFkFN1L', '21.0', ''),
(6295, 't0J75eHKxz5', 'fgGcpHh5Bl6', '201503', 'qrh0ydN5iqx', '94.0', ''),
(6296, 't0J75eHKxz5', 'fgGcpHh5Bl6', '201504', 'qrh0ydN5iqx', '1.0', ''),
(6297, 't0J75eHKxz5', 'nNhisoZuTzR', '201503', 'Kk3atPpSnCh', '202.0', ''),
(6298, 't0J75eHKxz5', 'nNhisoZuTzR', '201503', 'jFOwIS0MEFZ', '1499.0', ''),
(6299, 't0J75eHKxz5', 'nNhisoZuTzR', '201505', 'jFOwIS0MEFZ', '1.0', ''),
(6300, 't0J75eHKxz5', 'nNhisoZuTzR', '201504', 'jFOwIS0MEFZ', '16.0', ''),
(6301, 't0J75eHKxz5', 'fgGcpHh5Bl6', '201503', 'UbFZzGAky0H', '499.0', ''),
(6302, 't0J75eHKxz5', 'fgGcpHh5Bl6', '201504', 'UbFZzGAky0H', '98.0', ''),
(6303, 't0J75eHKxz5', 'fgGcpHh5Bl6', '201503', 'jFOwIS0MEFZ', '27.0', ''),
(6304, 't0J75eHKxz5', 'nNhisoZuTzR', '201503', 'HMJ9YZLMqo3', '7047.0', ''),
(6305, 't0J75eHKxz5', 'nNhisoZuTzR', '201504', 'HMJ9YZLMqo3', '1274.0', ''),
(6306, 't0J75eHKxz5', 'nNhisoZuTzR', '201505', 'MT1UWZvCVUQ', '9200.0', ''),
(6307, 't0J75eHKxz5', 'nNhisoZuTzR', '201504', 'MT1UWZvCVUQ', '7900.0', ''),
(6308, 't0J75eHKxz5', 'nNhisoZuTzR', '201505', 'HMJ9YZLMqo3', '1910.0', ''),
(6309, 't0J75eHKxz5', 'nNhisoZuTzR', '201503', 'MT1UWZvCVUQ', '17440.0', ''),
(6310, 't0J75eHKxz5', 'MnMPmhXaWns', '201504', 'MT1UWZvCVUQ', '260.0', ''),
(6311, 't0J75eHKxz5', 'MnMPmhXaWns', '201503', 'MT1UWZvCVUQ', '460.0', ''),
(6312, 't0J75eHKxz5', 'MnMPmhXaWns', '201505', 'MT1UWZvCVUQ', '510.0', ''),
(6313, 't0J75eHKxz5', 'fgGcpHh5Bl6', '201503', 'LDmTsQdoXs5', '263.0', ''),
(6314, 't0J75eHKxz5', 'nNhisoZuTzR', '201504', 'sL6cDCzo7h9', '2076.0', ''),
(6315, 't0J75eHKxz5', 'MnMPmhXaWns', '201503', 'Kk3atPpSnCh', '12.0', ''),
(6316, 't0J75eHKxz5', 'MnMPmhXaWns', '201505', 'HMJ9YZLMqo3', '44.0', ''),
(6317, 't0J75eHKxz5', 'nNhisoZuTzR', '201505', 'sL6cDCzo7h9', '1563.0', ''),
(6318, 't0J75eHKxz5', 'MnMPmhXaWns', '201505', 'Kk3atPpSnCh', '30.0', ''),
(6319, 't0J75eHKxz5', 'MnMPmhXaWns', '201503', 'HMJ9YZLMqo3', '39.0', ''),
(6320, 't0J75eHKxz5', 'nNhisoZuTzR', '201503', 'sL6cDCzo7h9', '3681.0', ''),
(6321, 't0J75eHKxz5', 'MnMPmhXaWns', '201504', 'HMJ9YZLMqo3', '41.0', ''),
(6322, 't0J75eHKxz5', 'THefpTo9qAa', '201504', 'LDmTsQdoXs5', '43.0', ''),
(6323, 't0J75eHKxz5', 'THefpTo9qAa', '201503', 'EJ8nUfcupBq', '75.0', ''),
(6324, 't0J75eHKxz5', 'THefpTo9qAa', '201504', 'EJ8nUfcupBq', '50.0', ''),
(6325, 't0J75eHKxz5', 'fgGcpHh5Bl6', '201505', 'LDmTsQdoXs5', '32.0', ''),
(6326, 't0J75eHKxz5', 'fgGcpHh5Bl6', '201504', 'EJ8nUfcupBq', '100.0', ''),
(6327, 't0J75eHKxz5', 'fgGcpHh5Bl6', '201504', 'LDmTsQdoXs5', '130.0', ''),
(6328, 't0J75eHKxz5', 'fgGcpHh5Bl6', '201503', 'EJ8nUfcupBq', '1365.0', ''),
(6329, 't0J75eHKxz5', 'THefpTo9qAa', '201503', 'LDmTsQdoXs5', '41.0', ''),
(6330, 't0J75eHKxz5', 'H3PiVz5cdlS', '201504', 'EJ8nUfcupBq', '60.0', ''),
(6331, 't0J75eHKxz5', 'nNhisoZuTzR', '201505', 'ZxUQw1ay1cw', '8144.0', ''),
(6332, 't0J75eHKxz5', 'H3PiVz5cdlS', '201503', 'EJ8nUfcupBq', '222.0', ''),
(6333, 't0J75eHKxz5', 'MnMPmhXaWns', '201503', 'ZxUQw1ay1cw', '39.0', ''),
(6334, 't0J75eHKxz5', 'MnMPmhXaWns', '201504', 'ZxUQw1ay1cw', '30.0', ''),
(6335, 't0J75eHKxz5', 'nNhisoZuTzR', '201503', 'ZxUQw1ay1cw', '38586.0', ''),
(6336, 't0J75eHKxz5', 'MnMPmhXaWns', '201505', 'ZxUQw1ay1cw', '24.0', ''),
(6337, 't0J75eHKxz5', 'nNhisoZuTzR', '201504', 'ZxUQw1ay1cw', '7659.0', ''),
(6338, 't0J75eHKxz5', 'fgGcpHh5Bl6', '201505', 'HMJ9YZLMqo3', '122.0', ''),
(6339, 't0J75eHKxz5', 'H3PiVz5cdlS', '201504', 'ZxUQw1ay1cw', '789.0', ''),
(6340, 't0J75eHKxz5', 'H3PiVz5cdlS', '201505', 'ZxUQw1ay1cw', '679.0', ''),
(6341, 't0J75eHKxz5', 'H3PiVz5cdlS', '201503', 'ZxUQw1ay1cw', '3340.0', ''),
(6342, 't0J75eHKxz5', 'H3PiVz5cdlS', '201505', 'LDmTsQdoXs5', '22.0', ''),
(6343, 't0J75eHKxz5', 'MnMPmhXaWns', '201505', 'EJ8nUfcupBq', '30.0', ''),
(6344, 't0J75eHKxz5', 'fgGcpHh5Bl6', '201503', 'HMJ9YZLMqo3', '274.0', ''),
(6345, 't0J75eHKxz5', 'H3PiVz5cdlS', '201504', 'LDmTsQdoXs5', '104.0', ''),
(6346, 't0J75eHKxz5', 'fgGcpHh5Bl6', '201504', 'HMJ9YZLMqo3', '71.0', ''),
(6347, 't0J75eHKxz5', 'H3PiVz5cdlS', '201503', 'LDmTsQdoXs5', '121.0', ''),
(6348, 't0J75eHKxz5', 'H3PiVz5cdlS', '201503', 'qrh0ydN5iqx', '10.0', ''),
(6349, 't0J75eHKxz5', 'H3PiVz5cdlS', '201505', 'qrh0ydN5iqx', '5.0', ''),
(6350, 't0J75eHKxz5', 'MnMPmhXaWns', '201503', 'EJ8nUfcupBq', '50.0', ''),
(6351, 't0J75eHKxz5', 'nNhisoZuTzR', '201505', 'v0szLFkFN1L', '9143.0', ''),
(6352, 't0J75eHKxz5', 'H3PiVz5cdlS', '201504', 'UbFZzGAky0H', '87.0', ''),
(6353, 't0J75eHKxz5', 'nNhisoZuTzR', '201503', 'v0szLFkFN1L', '36050.0', ''),
(6354, 't0J75eHKxz5', 'nNhisoZuTzR', '201504', 'v0szLFkFN1L', '7705.0', ''),
(6355, 't0J75eHKxz5', 'H3PiVz5cdlS', '201503', 'UbFZzGAky0H', '105.0', ''),
(6356, 't0J75eHKxz5', 'fgGcpHh5Bl6', '201504', 'MT1UWZvCVUQ', '1240.0', ''),
(6357, 't0J75eHKxz5', 'fgGcpHh5Bl6', '201503', 'MT1UWZvCVUQ', '1825.0', ''),
(6358, 't0J75eHKxz5', 'fgGcpHh5Bl6', '201503', 'sL6cDCzo7h9', '225.0', ''),
(6359, 't0J75eHKxz5', 'THefpTo9qAa', '201504', 'Kk3atPpSnCh', '30.0', ''),
(6360, 't0J75eHKxz5', 'fgGcpHh5Bl6', '201504', 'v0szLFkFN1L', '2271.0', ''),
(6361, 't0J75eHKxz5', 'fgGcpHh5Bl6', '201503', 'v0szLFkFN1L', '7069.0', ''),
(6362, 't0J75eHKxz5', 'fgGcpHh5Bl6', '201505', 'v0szLFkFN1L', '2546.0', ''),
(6363, 't0J75eHKxz5', 'fgGcpHh5Bl6', '201504', 'sL6cDCzo7h9', '432.0', ''),
(6364, 't0J75eHKxz5', 'fgGcpHh5Bl6', '201505', 'sL6cDCzo7h9', '883.0', ''),
(6365, 't0J75eHKxz5', 'THefpTo9qAa', '201504', 'UbFZzGAky0H', '56.0', ''),
(6366, 't0J75eHKxz5', 'THefpTo9qAa', '201503', 'UbFZzGAky0H', '3.0', ''),
(6367, 't0J75eHKxz5', 'H3PiVz5cdlS', '201503', 'v0szLFkFN1L', '3499.0', ''),
(6368, 't0J75eHKxz5', 'nNhisoZuTzR', '201504', 'UbFZzGAky0H', '55.0', ''),
(6369, 't0J75eHKxz5', 'H3PiVz5cdlS', '201505', 'v0szLFkFN1L', '665.0', ''),
(6370, 't0J75eHKxz5', 'nNhisoZuTzR', '201503', 'UbFZzGAky0H', '2226.0', ''),
(6371, 't0J75eHKxz5', 'H3PiVz5cdlS', '201504', 'v0szLFkFN1L', '970.0', ''),
(6372, 't0J75eHKxz5', 'H3PiVz5cdlS', '201505', 'Kk3atPpSnCh', '90.0', ''),
(6373, 't0J75eHKxz5', 'H3PiVz5cdlS', '201503', 'Kk3atPpSnCh', '12.0', ''),
(6374, 't0J75eHKxz5', 'THefpTo9qAa', '201504', 'v0szLFkFN1L', '102.0', ''),
(6375, 't0J75eHKxz5', 'THefpTo9qAa', '201503', 'v0szLFkFN1L', '108.0', ''),
(6376, 't0J75eHKxz5', 'nNhisoZuTzR', '201503', 'qrh0ydN5iqx', '454.0', ''),
(6377, 't0J75eHKxz5', 'nNhisoZuTzR', '201504', 'qrh0ydN5iqx', '151.0', ''),
(6378, 't0J75eHKxz5', 'nNhisoZuTzR', '201505', 'qrh0ydN5iqx', '400.0', ''),
(6379, 't0J75eHKxz5', 'nNhisoZuTzR', '201505', 'LDmTsQdoXs5', '1820.0', ''),
(6380, 't0J75eHKxz5', 'fgGcpHh5Bl6', '201505', 'ZxUQw1ay1cw', '2604.0', ''),
(6381, 't0J75eHKxz5', 'nNhisoZuTzR', '201504', 'LDmTsQdoXs5', '1297.0', ''),
(6382, 't0J75eHKxz5', 'nNhisoZuTzR', '201503', 'LDmTsQdoXs5', '7894.0', ''),
(6383, 't0J75eHKxz5', 'fgGcpHh5Bl6', '201503', 'ZxUQw1ay1cw', '7235.0', ''),
(6384, 't0J75eHKxz5', 'fgGcpHh5Bl6', '201504', 'ZxUQw1ay1cw', '2155.0', ''),
(6385, 't0J75eHKxz5', 'THefpTo9qAa', '201504', 'ZxUQw1ay1cw', '53.0', ''),
(6386, 't0J75eHKxz5', 'fgGcpHh5Bl6', '201505', 'MT1UWZvCVUQ', '1310.0', ''),
(6387, 't0J75eHKxz5', 'THefpTo9qAa', '201503', 'ZxUQw1ay1cw', '77.0', ''),
(6388, 't0J75eHKxz5', 'MnMPmhXaWns', '201503', 'qrh0ydN5iqx', '7.0', ''),
(6389, 't0J75eHKxz5', 'MnMPmhXaWns', '201503', 'LDmTsQdoXs5', '39.0', ''),
(6390, 't0J75eHKxz5', 'MnMPmhXaWns', '201504', 'LDmTsQdoXs5', '41.0', ''),
(6391, 't0J75eHKxz5', 'MnMPmhXaWns', '201505', 'LDmTsQdoXs5', '44.0', ''),
(6392, 't0J75eHKxz5', 'H3PiVz5cdlS', '201504', 'HMJ9YZLMqo3', '65.0', ''),
(6393, 't0J75eHKxz5', 'H3PiVz5cdlS', '201505', 'HMJ9YZLMqo3', '54.0', ''),
(6394, 't0J75eHKxz5', 'H3PiVz5cdlS', '201503', 'HMJ9YZLMqo3', '140.0', ''),
(6395, 'tAbBVBbueqD', 'H3PiVz5cdlS', '201505', 'sL6cDCzo7h9', '227.0', ''),
(6396, 'tAbBVBbueqD', 'nNhisoZuTzR', '201503', 'EJ8nUfcupBq', '400.0', ''),
(6397, 'tAbBVBbueqD', 'H3PiVz5cdlS', '201503', 'sL6cDCzo7h9', '974.0', ''),
(6398, 'tAbBVBbueqD', 'H3PiVz5cdlS', '201504', 'sL6cDCzo7h9', '311.0', ''),
(6399, 'tAbBVBbueqD', 'nNhisoZuTzR', '201505', 'EJ8nUfcupBq', '10850.0', ''),
(6400, 'tAbBVBbueqD', 'H3PiVz5cdlS', '201505', 'MT1UWZvCVUQ', '480.0', ''),
(6401, 'tAbBVBbueqD', 'H3PiVz5cdlS', '201504', 'MT1UWZvCVUQ', '520.0', ''),
(6402, 'tAbBVBbueqD', 'H3PiVz5cdlS', '201503', 'MT1UWZvCVUQ', '1695.0', ''),
(6403, 'tAbBVBbueqD', 'H3PiVz5cdlS', '201503', 'jFOwIS0MEFZ', '39.0', ''),
(6404, 'tAbBVBbueqD', 'H3PiVz5cdlS', '201504', 'jFOwIS0MEFZ', '26.0', ''),
(6405, 'tAbBVBbueqD', 'H3PiVz5cdlS', '201505', 'jFOwIS0MEFZ', '64.0', ''),
(6406, 'tAbBVBbueqD', 'MnMPmhXaWns', '201504', 'v0szLFkFN1L', '63.0', ''),
(6407, 'tAbBVBbueqD', 'MnMPmhXaWns', '201503', 'v0szLFkFN1L', '211.0', ''),
(6408, 'tAbBVBbueqD', 'fgGcpHh5Bl6', '201503', 'qrh0ydN5iqx', '524.0', ''),
(6409, 'tAbBVBbueqD', 'fgGcpHh5Bl6', '201504', 'qrh0ydN5iqx', '55.0', ''),
(6410, 'tAbBVBbueqD', 'nNhisoZuTzR', '201503', 'Kk3atPpSnCh', '200.0', ''),
(6411, 'tAbBVBbueqD', 'fgGcpHh5Bl6', '201505', 'qrh0ydN5iqx', '90.0', ''),
(6412, 'tAbBVBbueqD', 'nNhisoZuTzR', '201503', 'jFOwIS0MEFZ', '3830.0', ''),
(6413, 'tAbBVBbueqD', 'nNhisoZuTzR', '201505', 'jFOwIS0MEFZ', '38.0', ''),
(6414, 'tAbBVBbueqD', 'nNhisoZuTzR', '201504', 'jFOwIS0MEFZ', '13.0', ''),
(6415, 'tAbBVBbueqD', 'fgGcpHh5Bl6', '201505', 'UbFZzGAky0H', '300.0', ''),
(6416, 'tAbBVBbueqD', 'fgGcpHh5Bl6', '201503', 'UbFZzGAky0H', '822.0', ''),
(6417, 'tAbBVBbueqD', 'fgGcpHh5Bl6', '201504', 'UbFZzGAky0H', '115.0', ''),
(6418, 'tAbBVBbueqD', 'fgGcpHh5Bl6', '201504', 'jFOwIS0MEFZ', '7.0', ''),
(6419, 'tAbBVBbueqD', 'fgGcpHh5Bl6', '201503', 'jFOwIS0MEFZ', '274.0', ''),
(6420, 'tAbBVBbueqD', 'nNhisoZuTzR', '201503', 'HMJ9YZLMqo3', '34565.0', ''),
(6421, 'tAbBVBbueqD', 'nNhisoZuTzR', '201504', 'HMJ9YZLMqo3', '7337.0', ''),
(6422, 'tAbBVBbueqD', 'nNhisoZuTzR', '201505', 'MT1UWZvCVUQ', '27700.0', ''),
(6423, 'tAbBVBbueqD', 'nNhisoZuTzR', '201504', 'MT1UWZvCVUQ', '28850.0', ''),
(6424, 'tAbBVBbueqD', 'nNhisoZuTzR', '201505', 'HMJ9YZLMqo3', '8273.0', ''),
(6425, 'tAbBVBbueqD', 'nNhisoZuTzR', '201503', 'MT1UWZvCVUQ', '91490.0', ''),
(6426, 'tAbBVBbueqD', 'MnMPmhXaWns', '201504', 'MT1UWZvCVUQ', '300.0', ''),
(6427, 'tAbBVBbueqD', 'MnMPmhXaWns', '201503', 'MT1UWZvCVUQ', '400.0', ''),
(6428, 'tAbBVBbueqD', 'fgGcpHh5Bl6', '201503', 'LDmTsQdoXs5', '1847.0', ''),
(6429, 'tAbBVBbueqD', 'MnMPmhXaWns', '201503', 'HMJ9YZLMqo3', '165.0', ''),
(6430, 'tAbBVBbueqD', 'nNhisoZuTzR', '201503', 'sL6cDCzo7h9', '6490.0', ''),
(6431, 'tAbBVBbueqD', 'MnMPmhXaWns', '201504', 'HMJ9YZLMqo3', '66.0', ''),
(6432, 'tAbBVBbueqD', 'fgGcpHh5Bl6', '201505', 'EJ8nUfcupBq', '480.0', ''),
(6433, 'tAbBVBbueqD', 'MnMPmhXaWns', '201503', 'sL6cDCzo7h9', '190.0', ''),
(6434, 'tAbBVBbueqD', 'fgGcpHh5Bl6', '201505', 'LDmTsQdoXs5', '278.0', ''),
(6435, 'tAbBVBbueqD', 'fgGcpHh5Bl6', '201504', 'LDmTsQdoXs5', '308.0', ''),
(6436, 'tAbBVBbueqD', 'fgGcpHh5Bl6', '201503', 'EJ8nUfcupBq', '125.0', ''),
(6437, 'tAbBVBbueqD', 'H3PiVz5cdlS', '201505', 'EJ8nUfcupBq', '300.0', ''),
(6438, 'tAbBVBbueqD', 'nNhisoZuTzR', '201505', 'ZxUQw1ay1cw', '18857.0', ''),
(6439, 'tAbBVBbueqD', 'H3PiVz5cdlS', '201503', 'EJ8nUfcupBq', '25.0', ''),
(6440, 'tAbBVBbueqD', 'MnMPmhXaWns', '201503', 'ZxUQw1ay1cw', '158.0', ''),
(6441, 'tAbBVBbueqD', 'MnMPmhXaWns', '201504', 'ZxUQw1ay1cw', '97.0', ''),
(6442, 'tAbBVBbueqD', 'nNhisoZuTzR', '201503', 'ZxUQw1ay1cw', '133908.0', ''),
(6443, 'tAbBVBbueqD', 'nNhisoZuTzR', '201504', 'ZxUQw1ay1cw', '22897.0', ''),
(6444, 'tAbBVBbueqD', 'fgGcpHh5Bl6', '201505', 'HMJ9YZLMqo3', '284.0', ''),
(6445, 'tAbBVBbueqD', 'H3PiVz5cdlS', '201504', 'ZxUQw1ay1cw', '1223.0', ''),
(6446, 'tAbBVBbueqD', 'H3PiVz5cdlS', '201505', 'ZxUQw1ay1cw', '794.0', ''),
(6447, 'tAbBVBbueqD', 'H3PiVz5cdlS', '201503', 'ZxUQw1ay1cw', '4719.0', ''),
(6448, 'tAbBVBbueqD', 'H3PiVz5cdlS', '201505', 'LDmTsQdoXs5', '27.0', ''),
(6449, 'tAbBVBbueqD', 'fgGcpHh5Bl6', '201503', 'HMJ9YZLMqo3', '2288.0', ''),
(6450, 'tAbBVBbueqD', 'H3PiVz5cdlS', '201504', 'LDmTsQdoXs5', '44.0', ''),
(6451, 'tAbBVBbueqD', 'fgGcpHh5Bl6', '201504', 'HMJ9YZLMqo3', '311.0', ''),
(6452, 'tAbBVBbueqD', 'H3PiVz5cdlS', '201503', 'LDmTsQdoXs5', '519.0', ''),
(6453, 'tAbBVBbueqD', 'H3PiVz5cdlS', '201503', 'qrh0ydN5iqx', '250.0', ''),
(6454, 'tAbBVBbueqD', 'H3PiVz5cdlS', '201505', 'qrh0ydN5iqx', '20.0', ''),
(6455, 'tAbBVBbueqD', 'MnMPmhXaWns', '201503', 'EJ8nUfcupBq', '96.0', ''),
(6456, 'tAbBVBbueqD', 'nNhisoZuTzR', '201505', 'v0szLFkFN1L', '16321.0', ''),
(6457, 'tAbBVBbueqD', 'H3PiVz5cdlS', '201504', 'UbFZzGAky0H', '12.0', ''),
(6458, 'tAbBVBbueqD', 'H3PiVz5cdlS', '201505', 'UbFZzGAky0H', '12.0', ''),
(6459, 'tAbBVBbueqD', 'nNhisoZuTzR', '201503', 'v0szLFkFN1L', '169469.0', ''),
(6460, 'tAbBVBbueqD', 'nNhisoZuTzR', '201504', 'v0szLFkFN1L', '29778.0', ''),
(6461, 'tAbBVBbueqD', 'H3PiVz5cdlS', '201503', 'UbFZzGAky0H', '249.0', ''),
(6462, 'tAbBVBbueqD', 'fgGcpHh5Bl6', '201504', 'MT1UWZvCVUQ', '1650.0', ''),
(6463, 'tAbBVBbueqD', 'fgGcpHh5Bl6', '201503', 'MT1UWZvCVUQ', '8660.0', ''),
(6464, 'tAbBVBbueqD', 'fgGcpHh5Bl6', '201503', 'sL6cDCzo7h9', '766.0', ''),
(6465, 'tAbBVBbueqD', 'fgGcpHh5Bl6', '201504', 'v0szLFkFN1L', '5052.0', ''),
(6466, 'tAbBVBbueqD', 'fgGcpHh5Bl6', '201503', 'v0szLFkFN1L', '21754.0', ''),
(6467, 'tAbBVBbueqD', 'fgGcpHh5Bl6', '201505', 'v0szLFkFN1L', '3573.0', ''),
(6468, 'tAbBVBbueqD', 'fgGcpHh5Bl6', '201505', 'sL6cDCzo7h9', '30.0', ''),
(6469, 'tAbBVBbueqD', 'H3PiVz5cdlS', '201503', 'v0szLFkFN1L', '5327.0', ''),
(6470, 'tAbBVBbueqD', 'nNhisoZuTzR', '201504', 'UbFZzGAky0H', '710.0', ''),
(6471, 'tAbBVBbueqD', 'H3PiVz5cdlS', '201505', 'v0szLFkFN1L', '565.0', ''),
(6472, 'tAbBVBbueqD', 'nNhisoZuTzR', '201503', 'UbFZzGAky0H', '5350.0', ''),
(6473, 'tAbBVBbueqD', 'H3PiVz5cdlS', '201504', 'v0szLFkFN1L', '1266.0', ''),
(6474, 'tAbBVBbueqD', 'MnMPmhXaWns', '201503', 'jFOwIS0MEFZ', '1.0', ''),
(6475, 'tAbBVBbueqD', 'H3PiVz5cdlS', '201504', 'Kk3atPpSnCh', '30.0', ''),
(6476, 'tAbBVBbueqD', 'nNhisoZuTzR', '201505', 'UbFZzGAky0H', '2150.0', ''),
(6477, 'tAbBVBbueqD', 'H3PiVz5cdlS', '201503', 'Kk3atPpSnCh', '62.0', ''),
(6478, 'tAbBVBbueqD', 'nNhisoZuTzR', '201503', 'qrh0ydN5iqx', '6902.0', ''),
(6479, 'tAbBVBbueqD', 'nNhisoZuTzR', '201504', 'qrh0ydN5iqx', '1275.0', ''),
(6480, 'tAbBVBbueqD', 'nNhisoZuTzR', '201505', 'qrh0ydN5iqx', '1900.0', ''),
(6481, 'tAbBVBbueqD', 'nNhisoZuTzR', '201505', 'LDmTsQdoXs5', '8267.0', ''),
(6482, 'tAbBVBbueqD', 'fgGcpHh5Bl6', '201505', 'ZxUQw1ay1cw', '3571.0', ''),
(6483, 'tAbBVBbueqD', 'nNhisoZuTzR', '201504', 'LDmTsQdoXs5', '7286.0', ''),
(6484, 'tAbBVBbueqD', 'fgGcpHh5Bl6', '201503', 'ZxUQw1ay1cw', '20219.0', ''),
(6485, 'tAbBVBbueqD', 'nNhisoZuTzR', '201503', 'LDmTsQdoXs5', '32265.0', ''),
(6486, 'tAbBVBbueqD', 'fgGcpHh5Bl6', '201504', 'ZxUQw1ay1cw', '4576.0', ''),
(6487, 'tAbBVBbueqD', 'fgGcpHh5Bl6', '201505', 'MT1UWZvCVUQ', '1880.0', ''),
(6488, 'tAbBVBbueqD', 'MnMPmhXaWns', '201503', 'qrh0ydN5iqx', '117.0', ''),
(6489, 'tAbBVBbueqD', 'MnMPmhXaWns', '201503', 'LDmTsQdoXs5', '166.0', ''),
(6490, 'tAbBVBbueqD', 'MnMPmhXaWns', '201504', 'qrh0ydN5iqx', '100.0', ''),
(6491, 'tAbBVBbueqD', 'MnMPmhXaWns', '201504', 'LDmTsQdoXs5', '66.0', ''),
(6492, 'tAbBVBbueqD', 'H3PiVz5cdlS', '201504', 'HMJ9YZLMqo3', '41.0', ''),
(6493, 'tAbBVBbueqD', 'H3PiVz5cdlS', '201505', 'HMJ9YZLMqo3', '32.0', ''),
(6494, 'tAbBVBbueqD', 'H3PiVz5cdlS', '201503', 'HMJ9YZLMqo3', '560.0', ''),
(6495, 'Tvf1zgVZ0K4', 'nNhisoZuTzR', '201504', 'EJ8nUfcupBq', '2925.0', ''),
(6496, 'Tvf1zgVZ0K4', 'nNhisoZuTzR', '201503', 'EJ8nUfcupBq', '6862.0', ''),
(6497, 'Tvf1zgVZ0K4', 'H3PiVz5cdlS', '201503', 'sL6cDCzo7h9', '161.0', ''),
(6498, 'Tvf1zgVZ0K4', 'H3PiVz5cdlS', '201504', 'sL6cDCzo7h9', '138.0', ''),
(6499, 'Tvf1zgVZ0K4', 'fgGcpHh5Bl6', '201505', 'HMJ9YZLMqo3', '68.0', ''),
(6500, 'Tvf1zgVZ0K4', 'H3PiVz5cdlS', '201504', 'ZxUQw1ay1cw', '907.0', ''),
(6501, 'Tvf1zgVZ0K4', 'H3PiVz5cdlS', '201505', 'ZxUQw1ay1cw', '248.0', ''),
(6502, 'Tvf1zgVZ0K4', 'nNhisoZuTzR', '201505', 'EJ8nUfcupBq', '9900.0', ''),
(6503, 'Tvf1zgVZ0K4', 'H3PiVz5cdlS', '201503', 'ZxUQw1ay1cw', '2512.0', ''),
(6504, 'Tvf1zgVZ0K4', 'H3PiVz5cdlS', '201505', 'LDmTsQdoXs5', '4.0', ''),
(6505, 'Tvf1zgVZ0K4', 'fgGcpHh5Bl6', '201503', 'HMJ9YZLMqo3', '256.0', ''),
(6506, 'Tvf1zgVZ0K4', 'H3PiVz5cdlS', '201504', 'LDmTsQdoXs5', '36.0', ''),
(6507, 'Tvf1zgVZ0K4', 'H3PiVz5cdlS', '201505', 'MT1UWZvCVUQ', '60.0', ''),
(6508, 'Tvf1zgVZ0K4', 'fgGcpHh5Bl6', '201504', 'HMJ9YZLMqo3', '139.0', ''),
(6509, 'Tvf1zgVZ0K4', 'H3PiVz5cdlS', '201503', 'LDmTsQdoXs5', '194.0', ''),
(6510, 'Tvf1zgVZ0K4', 'H3PiVz5cdlS', '201504', 'MT1UWZvCVUQ', '150.0', ''),
(6511, 'Tvf1zgVZ0K4', 'H3PiVz5cdlS', '201503', 'MT1UWZvCVUQ', '490.0', ''),
(6512, 'Tvf1zgVZ0K4', 'H3PiVz5cdlS', '201503', 'qrh0ydN5iqx', '44.0', ''),
(6513, 'Tvf1zgVZ0K4', 'THefpTo9qAa', '201504', 'HMJ9YZLMqo3', '1.0', ''),
(6514, 'Tvf1zgVZ0K4', 'H3PiVz5cdlS', '201504', 'qrh0ydN5iqx', '10.0', ''),
(6515, 'Tvf1zgVZ0K4', 'H3PiVz5cdlS', '201505', 'qrh0ydN5iqx', '40.0', ''),
(6516, 'Tvf1zgVZ0K4', 'THefpTo9qAa', '201503', 'HMJ9YZLMqo3', '3.0', ''),
(6517, 'Tvf1zgVZ0K4', 'nNhisoZuTzR', '201505', 'v0szLFkFN1L', '10051.0', ''),
(6518, 'Tvf1zgVZ0K4', 'H3PiVz5cdlS', '201505', 'UbFZzGAky0H', '102.0', ''),
(6519, 'Tvf1zgVZ0K4', 'nNhisoZuTzR', '201503', 'v0szLFkFN1L', '71500.0', ''),
(6520, 'Tvf1zgVZ0K4', 'THefpTo9qAa', '201503', 'MT1UWZvCVUQ', '100.0', ''),
(6521, 'Tvf1zgVZ0K4', 'nNhisoZuTzR', '201504', 'v0szLFkFN1L', '27666.0', ''),
(6522, 'Tvf1zgVZ0K4', 'H3PiVz5cdlS', '201503', 'UbFZzGAky0H', '22.0', ''),
(6523, 'Tvf1zgVZ0K4', 'THefpTo9qAa', '201504', 'MT1UWZvCVUQ', '354.0', ''),
(6524, 'Tvf1zgVZ0K4', 'fgGcpHh5Bl6', '201504', 'MT1UWZvCVUQ', '260.0', ''),
(6525, 'Tvf1zgVZ0K4', 'fgGcpHh5Bl6', '201503', 'MT1UWZvCVUQ', '1010.0', ''),
(6526, 'Tvf1zgVZ0K4', 'H3PiVz5cdlS', '201505', 'jFOwIS0MEFZ', '101.0', ''),
(6527, 'Tvf1zgVZ0K4', 'fgGcpHh5Bl6', '201503', 'qrh0ydN5iqx', '7.0', ''),
(6528, 'Tvf1zgVZ0K4', 'fgGcpHh5Bl6', '201503', 'sL6cDCzo7h9', '286.0', ''),
(6529, 'Tvf1zgVZ0K4', 'fgGcpHh5Bl6', '201504', 'qrh0ydN5iqx', '148.0', ''),
(6530, 'Tvf1zgVZ0K4', 'THefpTo9qAa', '201504', 'Kk3atPpSnCh', '30.0', ''),
(6531, 'Tvf1zgVZ0K4', 'fgGcpHh5Bl6', '201504', 'v0szLFkFN1L', '3827.0', ''),
(6532, 'Tvf1zgVZ0K4', 'fgGcpHh5Bl6', '201503', 'v0szLFkFN1L', '8230.0', ''),
(6533, 'Tvf1zgVZ0K4', 'fgGcpHh5Bl6', '201505', 'v0szLFkFN1L', '1627.0', ''),
(6534, 'Tvf1zgVZ0K4', 'fgGcpHh5Bl6', '201504', 'sL6cDCzo7h9', '1060.0', ''),
(6535, 'Tvf1zgVZ0K4', 'fgGcpHh5Bl6', '201505', 'sL6cDCzo7h9', '359.0', ''),
(6536, 'Tvf1zgVZ0K4', 'nNhisoZuTzR', '201503', 'jFOwIS0MEFZ', '5.0', ''),
(6537, 'Tvf1zgVZ0K4', 'nNhisoZuTzR', '201505', 'jFOwIS0MEFZ', '17.0', ''),
(6538, 'Tvf1zgVZ0K4', 'nNhisoZuTzR', '201504', 'jFOwIS0MEFZ', '14.0', ''),
(6539, 'Tvf1zgVZ0K4', 'fgGcpHh5Bl6', '201505', 'UbFZzGAky0H', '260.0', ''),
(6540, 'Tvf1zgVZ0K4', 'fgGcpHh5Bl6', '201503', 'UbFZzGAky0H', '50.0', ''),
(6541, 'Tvf1zgVZ0K4', 'H3PiVz5cdlS', '201503', 'v0szLFkFN1L', '2741.0', ''),
(6542, 'Tvf1zgVZ0K4', 'nNhisoZuTzR', '201504', 'UbFZzGAky0H', '150.0', ''),
(6543, 'Tvf1zgVZ0K4', 'H3PiVz5cdlS', '201505', 'v0szLFkFN1L', '375.0', ''),
(6544, 'Tvf1zgVZ0K4', 'nNhisoZuTzR', '201503', 'UbFZzGAky0H', '4036.0', ''),
(6545, 'Tvf1zgVZ0K4', 'H3PiVz5cdlS', '201504', 'v0szLFkFN1L', '968.0', ''),
(6546, 'Tvf1zgVZ0K4', 'nNhisoZuTzR', '201505', 'UbFZzGAky0H', '400.0', ''),
(6547, 'Tvf1zgVZ0K4', 'H3PiVz5cdlS', '201503', 'Kk3atPpSnCh', '30.0', ''),
(6548, 'Tvf1zgVZ0K4', 'fgGcpHh5Bl6', '201505', 'jFOwIS0MEFZ', '143.0', ''),
(6549, 'Tvf1zgVZ0K4', 'fgGcpHh5Bl6', '201504', 'jFOwIS0MEFZ', '18.0', ''),
(6550, 'Tvf1zgVZ0K4', 'nNhisoZuTzR', '201503', 'HMJ9YZLMqo3', '11999.0', ''),
(6551, 'Tvf1zgVZ0K4', 'nNhisoZuTzR', '201504', 'HMJ9YZLMqo3', '8271.0', ''),
(6552, 'Tvf1zgVZ0K4', 'nNhisoZuTzR', '201505', 'MT1UWZvCVUQ', '800.0', ''),
(6553, 'Tvf1zgVZ0K4', 'nNhisoZuTzR', '201504', 'MT1UWZvCVUQ', '9150.0', ''),
(6554, 'Tvf1zgVZ0K4', 'nNhisoZuTzR', '201505', 'HMJ9YZLMqo3', '3787.0', ''),
(6555, 'Tvf1zgVZ0K4', 'nNhisoZuTzR', '201503', 'MT1UWZvCVUQ', '16450.0', ''),
(6556, 'Tvf1zgVZ0K4', 'THefpTo9qAa', '201504', 'v0szLFkFN1L', '1.0', ''),
(6557, 'Tvf1zgVZ0K4', 'nNhisoZuTzR', '201503', 'qrh0ydN5iqx', '4403.0', ''),
(6558, 'Tvf1zgVZ0K4', 'nNhisoZuTzR', '201504', 'qrh0ydN5iqx', '2391.0', ''),
(6559, 'Tvf1zgVZ0K4', 'fgGcpHh5Bl6', '201503', 'LDmTsQdoXs5', '255.0', ''),
(6560, 'Tvf1zgVZ0K4', 'nNhisoZuTzR', '201505', 'qrh0ydN5iqx', '350.0', ''),
(6561, 'Tvf1zgVZ0K4', 'nNhisoZuTzR', '201504', 'sL6cDCzo7h9', '75.0', ''),
(6562, 'Tvf1zgVZ0K4', 'nNhisoZuTzR', '201503', 'sL6cDCzo7h9', '5365.0', ''),
(6563, 'Tvf1zgVZ0K4', 'THefpTo9qAa', '201504', 'LDmTsQdoXs5', '112.0', ''),
(6564, 'Tvf1zgVZ0K4', 'THefpTo9qAa', '201503', 'EJ8nUfcupBq', '30.0', ''),
(6565, 'Tvf1zgVZ0K4', 'fgGcpHh5Bl6', '201505', 'EJ8nUfcupBq', '900.0', ''),
(6566, 'Tvf1zgVZ0K4', 'fgGcpHh5Bl6', '201505', 'LDmTsQdoXs5', '68.0', ''),
(6567, 'Tvf1zgVZ0K4', 'fgGcpHh5Bl6', '201504', 'LDmTsQdoXs5', '135.0', ''),
(6568, 'Tvf1zgVZ0K4', 'fgGcpHh5Bl6', '201503', 'EJ8nUfcupBq', '60.0', ''),
(6569, 'Tvf1zgVZ0K4', 'nNhisoZuTzR', '201505', 'LDmTsQdoXs5', '3770.0', ''),
(6570, 'Tvf1zgVZ0K4', 'fgGcpHh5Bl6', '201505', 'ZxUQw1ay1cw', '2056.0', ''),
(6571, 'Tvf1zgVZ0K4', 'nNhisoZuTzR', '201504', 'LDmTsQdoXs5', '8271.0', ''),
(6572, 'Tvf1zgVZ0K4', 'nNhisoZuTzR', '201503', 'LDmTsQdoXs5', '12630.0', ''),
(6573, 'Tvf1zgVZ0K4', 'fgGcpHh5Bl6', '201503', 'ZxUQw1ay1cw', '8058.0', ''),
(6574, 'Tvf1zgVZ0K4', 'fgGcpHh5Bl6', '201504', 'ZxUQw1ay1cw', '3527.0', ''),
(6575, 'Tvf1zgVZ0K4', 'THefpTo9qAa', '201503', 'LDmTsQdoXs5', '13.0', ''),
(6576, 'Tvf1zgVZ0K4', 'fgGcpHh5Bl6', '201505', 'MT1UWZvCVUQ', '30.0', ''),
(6577, 'Tvf1zgVZ0K4', 'THefpTo9qAa', '201503', 'ZxUQw1ay1cw', '27.0', ''),
(6578, 'Tvf1zgVZ0K4', 'H3PiVz5cdlS', '201505', 'EJ8nUfcupBq', '20.0', ''),
(6579, 'Tvf1zgVZ0K4', 'nNhisoZuTzR', '201505', 'ZxUQw1ay1cw', '16114.0', ''),
(6580, 'Tvf1zgVZ0K4', 'H3PiVz5cdlS', '201503', 'EJ8nUfcupBq', '40.0', ''),
(6581, 'Tvf1zgVZ0K4', 'nNhisoZuTzR', '201503', 'ZxUQw1ay1cw', '62065.0', ''),
(6582, 'Tvf1zgVZ0K4', 'nNhisoZuTzR', '201504', 'ZxUQw1ay1cw', '24527.0', ''),
(6583, 'Tvf1zgVZ0K4', 'H3PiVz5cdlS', '201504', 'HMJ9YZLMqo3', '36.0', ''),
(6584, 'Tvf1zgVZ0K4', 'H3PiVz5cdlS', '201505', 'HMJ9YZLMqo3', '4.0', ''),
(6585, 'Tvf1zgVZ0K4', 'H3PiVz5cdlS', '201503', 'HMJ9YZLMqo3', '194.0', ''),
(6586, 'u4t9H8XyU9P', 'nNhisoZuTzR', '201504', 'EJ8nUfcupBq', '35.0', ''),
(6587, 'u4t9H8XyU9P', 'nNhisoZuTzR', '201503', 'EJ8nUfcupBq', '2684.0', ''),
(6588, 'u4t9H8XyU9P', 'H3PiVz5cdlS', '201503', 'sL6cDCzo7h9', '1793.0', ''),
(6589, 'u4t9H8XyU9P', 'H3PiVz5cdlS', '201504', 'sL6cDCzo7h9', '1034.0', ''),
(6590, 'u4t9H8XyU9P', 'nNhisoZuTzR', '201505', 'EJ8nUfcupBq', '2050.0', ''),
(6591, 'u4t9H8XyU9P', 'H3PiVz5cdlS', '201504', 'MT1UWZvCVUQ', '340.0', ''),
(6592, 'u4t9H8XyU9P', 'H3PiVz5cdlS', '201503', 'MT1UWZvCVUQ', '565.0', ''),
(6593, 'u4t9H8XyU9P', 'THefpTo9qAa', '201504', 'HMJ9YZLMqo3', '38.0', ''),
(6594, 'u4t9H8XyU9P', 'THefpTo9qAa', '201503', 'HMJ9YZLMqo3', '9.0', ''),
(6595, 'u4t9H8XyU9P', 'THefpTo9qAa', '201503', 'MT1UWZvCVUQ', '50.0', ''),
(6596, 'u4t9H8XyU9P', 'THefpTo9qAa', '201504', 'MT1UWZvCVUQ', '200.0', ''),
(6597, 'u4t9H8XyU9P', 'H3PiVz5cdlS', '201503', 'jFOwIS0MEFZ', '84.0', ''),
(6598, 'u4t9H8XyU9P', 'H3PiVz5cdlS', '201504', 'jFOwIS0MEFZ', '12.0', ''),
(6599, 'u4t9H8XyU9P', 'MnMPmhXaWns', '201505', 'v0szLFkFN1L', '2112.0', ''),
(6600, 'u4t9H8XyU9P', 'H3PiVz5cdlS', '201505', 'jFOwIS0MEFZ', '180.0', ''),
(6601, 'u4t9H8XyU9P', 'MnMPmhXaWns', '201504', 'v0szLFkFN1L', '567.0', ''),
(6602, 'u4t9H8XyU9P', 'MnMPmhXaWns', '201503', 'v0szLFkFN1L', '82.0', ''),
(6603, 'u4t9H8XyU9P', 'fgGcpHh5Bl6', '201503', 'qrh0ydN5iqx', '1818.0', ''),
(6604, 'u4t9H8XyU9P', 'fgGcpHh5Bl6', '201504', 'qrh0ydN5iqx', '382.0', ''),
(6605, 'u4t9H8XyU9P', 'nNhisoZuTzR', '201503', 'Kk3atPpSnCh', '300.0', ''),
(6606, 'u4t9H8XyU9P', 'fgGcpHh5Bl6', '201503', 'Kk3atPpSnCh', '12.0', ''),
(6607, 'u4t9H8XyU9P', 'nNhisoZuTzR', '201503', 'jFOwIS0MEFZ', '1017.0', ''),
(6608, 'u4t9H8XyU9P', 'nNhisoZuTzR', '201504', 'jFOwIS0MEFZ', '564.0', ''),
(6609, 'u4t9H8XyU9P', 'fgGcpHh5Bl6', '201505', 'UbFZzGAky0H', '60.0', ''),
(6610, 'u4t9H8XyU9P', 'fgGcpHh5Bl6', '201503', 'UbFZzGAky0H', '530.0', ''),
(6611, 'u4t9H8XyU9P', 'MnMPmhXaWns', '201503', 'UbFZzGAky0H', '150.0', ''),
(6612, 'u4t9H8XyU9P', 'fgGcpHh5Bl6', '201504', 'UbFZzGAky0H', '473.0', ''),
(6613, 'u4t9H8XyU9P', 'fgGcpHh5Bl6', '201504', 'jFOwIS0MEFZ', '73.0', ''),
(6614, 'u4t9H8XyU9P', 'fgGcpHh5Bl6', '201503', 'jFOwIS0MEFZ', '318.0', ''),
(6615, 'u4t9H8XyU9P', 'nNhisoZuTzR', '201503', 'HMJ9YZLMqo3', '27688.0', ''),
(6616, 'u4t9H8XyU9P', 'nNhisoZuTzR', '201504', 'HMJ9YZLMqo3', '22082.0', ''),
(6617, 'u4t9H8XyU9P', 'nNhisoZuTzR', '201504', 'MT1UWZvCVUQ', '16300.0', ''),
(6618, 'u4t9H8XyU9P', 'nNhisoZuTzR', '201505', 'HMJ9YZLMqo3', '831.0', '');
INSERT INTO `lab_county_level_data` (`county_drugs_id`, `county_id`, `drug_id`, `period`, `drug_category_id`, `drug_value`, `date`) VALUES
(6619, 'u4t9H8XyU9P', 'nNhisoZuTzR', '201503', 'MT1UWZvCVUQ', '27250.0', ''),
(6620, 'u4t9H8XyU9P', 'MnMPmhXaWns', '201504', 'MT1UWZvCVUQ', '500.0', ''),
(6621, 'u4t9H8XyU9P', 'MnMPmhXaWns', '201503', 'MT1UWZvCVUQ', '750.0', ''),
(6622, 'u4t9H8XyU9P', 'fgGcpHh5Bl6', '201503', 'LDmTsQdoXs5', '1482.0', ''),
(6623, 'u4t9H8XyU9P', 'nNhisoZuTzR', '201504', 'sL6cDCzo7h9', '2164.0', ''),
(6624, 'u4t9H8XyU9P', 'MnMPmhXaWns', '201505', 'HMJ9YZLMqo3', '46.0', ''),
(6625, 'u4t9H8XyU9P', 'MnMPmhXaWns', '201503', 'HMJ9YZLMqo3', '118.0', ''),
(6626, 'u4t9H8XyU9P', 'nNhisoZuTzR', '201503', 'sL6cDCzo7h9', '7997.0', ''),
(6627, 'u4t9H8XyU9P', 'MnMPmhXaWns', '201504', 'HMJ9YZLMqo3', '126.0', ''),
(6628, 'u4t9H8XyU9P', 'THefpTo9qAa', '201504', 'LDmTsQdoXs5', '38.0', ''),
(6629, 'u4t9H8XyU9P', 'fgGcpHh5Bl6', '201505', 'EJ8nUfcupBq', '270.0', ''),
(6630, 'u4t9H8XyU9P', 'MnMPmhXaWns', '201503', 'sL6cDCzo7h9', '264.0', ''),
(6631, 'u4t9H8XyU9P', 'fgGcpHh5Bl6', '201505', 'LDmTsQdoXs5', '45.0', ''),
(6632, 'u4t9H8XyU9P', 'MnMPmhXaWns', '201504', 'sL6cDCzo7h9', '412.0', ''),
(6633, 'u4t9H8XyU9P', 'fgGcpHh5Bl6', '201504', 'LDmTsQdoXs5', '927.0', ''),
(6634, 'u4t9H8XyU9P', 'fgGcpHh5Bl6', '201503', 'EJ8nUfcupBq', '520.0', ''),
(6635, 'u4t9H8XyU9P', 'MnMPmhXaWns', '201505', 'sL6cDCzo7h9', '2566.0', ''),
(6636, 'u4t9H8XyU9P', 'THefpTo9qAa', '201503', 'LDmTsQdoXs5', '9.0', ''),
(6637, 'u4t9H8XyU9P', 'H3PiVz5cdlS', '201505', 'EJ8nUfcupBq', '40.0', ''),
(6638, 'u4t9H8XyU9P', 'nNhisoZuTzR', '201505', 'ZxUQw1ay1cw', '3874.0', ''),
(6639, 'u4t9H8XyU9P', 'H3PiVz5cdlS', '201503', 'EJ8nUfcupBq', '139.0', ''),
(6640, 'u4t9H8XyU9P', 'MnMPmhXaWns', '201503', 'ZxUQw1ay1cw', '418.0', ''),
(6641, 'u4t9H8XyU9P', 'MnMPmhXaWns', '201504', 'ZxUQw1ay1cw', '591.0', ''),
(6642, 'u4t9H8XyU9P', 'nNhisoZuTzR', '201503', 'ZxUQw1ay1cw', '108741.0', ''),
(6643, 'u4t9H8XyU9P', 'MnMPmhXaWns', '201505', 'ZxUQw1ay1cw', '2566.0', ''),
(6644, 'u4t9H8XyU9P', 'nNhisoZuTzR', '201504', 'ZxUQw1ay1cw', '60286.0', ''),
(6645, 'u4t9H8XyU9P', 'fgGcpHh5Bl6', '201505', 'HMJ9YZLMqo3', '48.0', ''),
(6646, 'u4t9H8XyU9P', 'H3PiVz5cdlS', '201504', 'ZxUQw1ay1cw', '4361.0', ''),
(6647, 'u4t9H8XyU9P', 'H3PiVz5cdlS', '201505', 'ZxUQw1ay1cw', '79.0', ''),
(6648, 'u4t9H8XyU9P', 'H3PiVz5cdlS', '201503', 'ZxUQw1ay1cw', '6450.0', ''),
(6649, 'u4t9H8XyU9P', 'MnMPmhXaWns', '201505', 'EJ8nUfcupBq', '2112.0', ''),
(6650, 'u4t9H8XyU9P', 'fgGcpHh5Bl6', '201503', 'HMJ9YZLMqo3', '1497.0', ''),
(6651, 'u4t9H8XyU9P', 'H3PiVz5cdlS', '201504', 'LDmTsQdoXs5', '176.0', ''),
(6652, 'u4t9H8XyU9P', 'fgGcpHh5Bl6', '201504', 'HMJ9YZLMqo3', '919.0', ''),
(6653, 'u4t9H8XyU9P', 'H3PiVz5cdlS', '201503', 'LDmTsQdoXs5', '198.0', ''),
(6654, 'u4t9H8XyU9P', 'H3PiVz5cdlS', '201503', 'qrh0ydN5iqx', '51.0', ''),
(6655, 'u4t9H8XyU9P', 'H3PiVz5cdlS', '201504', 'qrh0ydN5iqx', '45.0', ''),
(6656, 'u4t9H8XyU9P', 'MnMPmhXaWns', '201503', 'EJ8nUfcupBq', '480.0', ''),
(6657, 'u4t9H8XyU9P', 'nNhisoZuTzR', '201505', 'v0szLFkFN1L', '2805.0', ''),
(6658, 'u4t9H8XyU9P', 'H3PiVz5cdlS', '201504', 'UbFZzGAky0H', '85.0', ''),
(6659, 'u4t9H8XyU9P', 'nNhisoZuTzR', '201503', 'v0szLFkFN1L', '138601.0', ''),
(6660, 'u4t9H8XyU9P', 'nNhisoZuTzR', '201504', 'v0szLFkFN1L', '84993.0', ''),
(6661, 'u4t9H8XyU9P', 'H3PiVz5cdlS', '201503', 'UbFZzGAky0H', '87.0', ''),
(6662, 'u4t9H8XyU9P', 'fgGcpHh5Bl6', '201504', 'MT1UWZvCVUQ', '1070.0', ''),
(6663, 'u4t9H8XyU9P', 'fgGcpHh5Bl6', '201503', 'MT1UWZvCVUQ', '3220.0', ''),
(6664, 'u4t9H8XyU9P', 'fgGcpHh5Bl6', '201503', 'sL6cDCzo7h9', '2679.0', ''),
(6665, 'u4t9H8XyU9P', 'fgGcpHh5Bl6', '201504', 'v0szLFkFN1L', '15560.0', ''),
(6666, 'u4t9H8XyU9P', 'fgGcpHh5Bl6', '201503', 'v0szLFkFN1L', '21447.0', ''),
(6667, 'u4t9H8XyU9P', 'fgGcpHh5Bl6', '201505', 'v0szLFkFN1L', '183.0', ''),
(6668, 'u4t9H8XyU9P', 'fgGcpHh5Bl6', '201504', 'sL6cDCzo7h9', '1799.0', ''),
(6669, 'u4t9H8XyU9P', 'H3PiVz5cdlS', '201503', 'v0szLFkFN1L', '6624.0', ''),
(6670, 'u4t9H8XyU9P', 'nNhisoZuTzR', '201504', 'UbFZzGAky0H', '3873.0', ''),
(6671, 'u4t9H8XyU9P', 'H3PiVz5cdlS', '201505', 'v0szLFkFN1L', '219.0', ''),
(6672, 'u4t9H8XyU9P', 'nNhisoZuTzR', '201503', 'UbFZzGAky0H', '5250.0', ''),
(6673, 'u4t9H8XyU9P', 'H3PiVz5cdlS', '201504', 'v0szLFkFN1L', '4796.0', ''),
(6674, 'u4t9H8XyU9P', 'MnMPmhXaWns', '201505', 'jFOwIS0MEFZ', '46.0', ''),
(6675, 'u4t9H8XyU9P', 'nNhisoZuTzR', '201505', 'UbFZzGAky0H', '500.0', ''),
(6676, 'u4t9H8XyU9P', 'H3PiVz5cdlS', '201503', 'Kk3atPpSnCh', '12.0', ''),
(6677, 'u4t9H8XyU9P', 'THefpTo9qAa', '201504', 'v0szLFkFN1L', '85.0', ''),
(6678, 'u4t9H8XyU9P', 'THefpTo9qAa', '201503', 'v0szLFkFN1L', '9.0', ''),
(6679, 'u4t9H8XyU9P', 'nNhisoZuTzR', '201503', 'qrh0ydN5iqx', '2761.0', ''),
(6680, 'u4t9H8XyU9P', 'nNhisoZuTzR', '201504', 'qrh0ydN5iqx', '4042.0', ''),
(6681, 'u4t9H8XyU9P', 'nNhisoZuTzR', '201505', 'qrh0ydN5iqx', '350.0', ''),
(6682, 'u4t9H8XyU9P', 'nNhisoZuTzR', '201505', 'LDmTsQdoXs5', '831.0', ''),
(6683, 'u4t9H8XyU9P', 'fgGcpHh5Bl6', '201505', 'ZxUQw1ay1cw', '345.0', ''),
(6684, 'u4t9H8XyU9P', 'nNhisoZuTzR', '201504', 'LDmTsQdoXs5', '22546.0', ''),
(6685, 'u4t9H8XyU9P', 'fgGcpHh5Bl6', '201503', 'ZxUQw1ay1cw', '20534.0', ''),
(6686, 'u4t9H8XyU9P', 'nNhisoZuTzR', '201503', 'LDmTsQdoXs5', '29184.0', ''),
(6687, 'u4t9H8XyU9P', 'MnMPmhXaWns', '201505', 'qrh0ydN5iqx', '500.0', ''),
(6688, 'u4t9H8XyU9P', 'fgGcpHh5Bl6', '201504', 'ZxUQw1ay1cw', '14126.0', ''),
(6689, 'u4t9H8XyU9P', 'THefpTo9qAa', '201504', 'ZxUQw1ay1cw', '47.0', ''),
(6690, 'u4t9H8XyU9P', 'MnMPmhXaWns', '201503', 'qrh0ydN5iqx', '150.0', ''),
(6691, 'u4t9H8XyU9P', 'MnMPmhXaWns', '201503', 'LDmTsQdoXs5', '118.0', ''),
(6692, 'u4t9H8XyU9P', 'MnMPmhXaWns', '201504', 'qrh0ydN5iqx', '150.0', ''),
(6693, 'u4t9H8XyU9P', 'MnMPmhXaWns', '201504', 'LDmTsQdoXs5', '126.0', ''),
(6694, 'u4t9H8XyU9P', 'MnMPmhXaWns', '201505', 'LDmTsQdoXs5', '46.0', ''),
(6695, 'u4t9H8XyU9P', 'H3PiVz5cdlS', '201504', 'HMJ9YZLMqo3', '119.0', ''),
(6696, 'u4t9H8XyU9P', 'H3PiVz5cdlS', '201503', 'HMJ9YZLMqo3', '378.0', ''),
(6697, 'uepLTG8wGWJ', 'nNhisoZuTzR', '201503', 'EJ8nUfcupBq', '400.0', ''),
(6698, 'uepLTG8wGWJ', 'H3PiVz5cdlS', '201503', 'sL6cDCzo7h9', '521.0', ''),
(6699, 'uepLTG8wGWJ', 'H3PiVz5cdlS', '201503', 'ZxUQw1ay1cw', '3759.0', ''),
(6700, 'uepLTG8wGWJ', 'fgGcpHh5Bl6', '201503', 'jFOwIS0MEFZ', '34.0', ''),
(6701, 'uepLTG8wGWJ', 'fgGcpHh5Bl6', '201503', 'HMJ9YZLMqo3', '337.0', ''),
(6702, 'uepLTG8wGWJ', 'H3PiVz5cdlS', '201503', 'LDmTsQdoXs5', '31.0', ''),
(6703, 'uepLTG8wGWJ', 'H3PiVz5cdlS', '201503', 'MT1UWZvCVUQ', '2170.0', ''),
(6704, 'uepLTG8wGWJ', 'H3PiVz5cdlS', '201503', 'qrh0ydN5iqx', '2.0', ''),
(6705, 'uepLTG8wGWJ', 'nNhisoZuTzR', '201503', 'HMJ9YZLMqo3', '17573.0', ''),
(6706, 'uepLTG8wGWJ', 'nNhisoZuTzR', '201503', 'v0szLFkFN1L', '106891.0', ''),
(6707, 'uepLTG8wGWJ', 'nNhisoZuTzR', '201503', 'MT1UWZvCVUQ', '47000.0', ''),
(6708, 'uepLTG8wGWJ', 'H3PiVz5cdlS', '201503', 'UbFZzGAky0H', '60.0', ''),
(6709, 'uepLTG8wGWJ', 'MnMPmhXaWns', '201503', 'MT1UWZvCVUQ', '1800.0', ''),
(6710, 'uepLTG8wGWJ', 'nNhisoZuTzR', '201503', 'qrh0ydN5iqx', '977.0', ''),
(6711, 'uepLTG8wGWJ', 'REDgTs0CyzY', '201504', 'MT1UWZvCVUQ', '2.0', ''),
(6712, 'uepLTG8wGWJ', 'fgGcpHh5Bl6', '201503', 'LDmTsQdoXs5', '336.0', ''),
(6713, 'uepLTG8wGWJ', 'H3PiVz5cdlS', '201503', 'jFOwIS0MEFZ', '1.0', ''),
(6714, 'uepLTG8wGWJ', 'fgGcpHh5Bl6', '201503', 'MT1UWZvCVUQ', '5260.0', ''),
(6715, 'uepLTG8wGWJ', 'MnMPmhXaWns', '201503', 'HMJ9YZLMqo3', '38.0', ''),
(6716, 'uepLTG8wGWJ', 'nNhisoZuTzR', '201503', 'sL6cDCzo7h9', '13001.0', ''),
(6717, 'uepLTG8wGWJ', 'MnMPmhXaWns', '201503', 'v0szLFkFN1L', '128.0', ''),
(6718, 'uepLTG8wGWJ', 'fgGcpHh5Bl6', '201503', 'qrh0ydN5iqx', '6.0', ''),
(6719, 'uepLTG8wGWJ', 'fgGcpHh5Bl6', '201503', 'sL6cDCzo7h9', '2597.0', ''),
(6720, 'uepLTG8wGWJ', 'nNhisoZuTzR', '201503', 'Kk3atPpSnCh', '109.0', ''),
(6721, 'uepLTG8wGWJ', 'fgGcpHh5Bl6', '201503', 'ZxUQw1ay1cw', '16976.0', ''),
(6722, 'uepLTG8wGWJ', 'nNhisoZuTzR', '201503', 'LDmTsQdoXs5', '17421.0', ''),
(6723, 'uepLTG8wGWJ', 'UDNKVH14KuC', '201504', 'MT1UWZvCVUQ', '2.0', ''),
(6724, 'uepLTG8wGWJ', 'H3PiVz5cdlS', '201503', 'EJ8nUfcupBq', '20.0', ''),
(6725, 'uepLTG8wGWJ', 'MnMPmhXaWns', '201503', 'ZxUQw1ay1cw', '35.0', ''),
(6726, 'uepLTG8wGWJ', 'fgGcpHh5Bl6', '201503', 'v0szLFkFN1L', '17296.0', ''),
(6727, 'uepLTG8wGWJ', 'nNhisoZuTzR', '201503', 'ZxUQw1ay1cw', '89415.0', ''),
(6728, 'uepLTG8wGWJ', 'MnMPmhXaWns', '201503', 'LDmTsQdoXs5', '38.0', ''),
(6729, 'uepLTG8wGWJ', 'nNhisoZuTzR', '201503', 'jFOwIS0MEFZ', '36.0', ''),
(6730, 'uepLTG8wGWJ', 'fgGcpHh5Bl6', '201503', 'UbFZzGAky0H', '152.0', ''),
(6731, 'uepLTG8wGWJ', 'H3PiVz5cdlS', '201503', 'v0szLFkFN1L', '3984.0', ''),
(6732, 'uepLTG8wGWJ', 'MnMPmhXaWns', '201503', 'UbFZzGAky0H', '45.0', ''),
(6733, 'uepLTG8wGWJ', 'nNhisoZuTzR', '201503', 'UbFZzGAky0H', '1709.0', ''),
(6734, 'uepLTG8wGWJ', 'H3PiVz5cdlS', '201503', 'Kk3atPpSnCh', '71.0', ''),
(6735, 'uepLTG8wGWJ', 'H3PiVz5cdlS', '201503', 'HMJ9YZLMqo3', '31.0', ''),
(6736, 'uepLTG8wGWJ', 'iQvswzF7Zcr', '201504', 'MT1UWZvCVUQ', '2.0', ''),
(6737, 'uyOrcHZBpW0', 'nNhisoZuTzR', '201503', 'Kk3atPpSnCh', '31.0', ''),
(6738, 'uyOrcHZBpW0', 'nNhisoZuTzR', '201503', 'EJ8nUfcupBq', '141.0', ''),
(6739, 'uyOrcHZBpW0', 'fgGcpHh5Bl6', '201503', 'ZxUQw1ay1cw', '193.0', ''),
(6740, 'uyOrcHZBpW0', 'nNhisoZuTzR', '201503', 'LDmTsQdoXs5', '79.0', ''),
(6741, 'uyOrcHZBpW0', 'H3PiVz5cdlS', '201503', 'sL6cDCzo7h9', '20.0', ''),
(6742, 'uyOrcHZBpW0', 'H3PiVz5cdlS', '201503', 'ZxUQw1ay1cw', '20.0', ''),
(6743, 'uyOrcHZBpW0', 'fgGcpHh5Bl6', '201503', 'HMJ9YZLMqo3', '2.0', ''),
(6744, 'uyOrcHZBpW0', 'fgGcpHh5Bl6', '201503', 'v0szLFkFN1L', '92.0', ''),
(6745, 'uyOrcHZBpW0', 'nNhisoZuTzR', '201503', 'ZxUQw1ay1cw', '721.0', ''),
(6746, 'uyOrcHZBpW0', 'THefpTo9qAa', '201503', 'Kk3atPpSnCh', '31.0', ''),
(6747, 'uyOrcHZBpW0', 'nNhisoZuTzR', '201503', 'jFOwIS0MEFZ', '1.0', ''),
(6748, 'uyOrcHZBpW0', 'nNhisoZuTzR', '201503', 'HMJ9YZLMqo3', '79.0', ''),
(6749, 'uyOrcHZBpW0', 'nNhisoZuTzR', '201503', 'v0szLFkFN1L', '1109.0', ''),
(6750, 'uyOrcHZBpW0', 'nNhisoZuTzR', '201503', 'MT1UWZvCVUQ', '600.0', ''),
(6751, 'uyOrcHZBpW0', 'H3PiVz5cdlS', '201503', 'v0szLFkFN1L', '20.0', ''),
(6752, 'uyOrcHZBpW0', 'fgGcpHh5Bl6', '201503', 'LDmTsQdoXs5', '2.0', ''),
(6753, 'uyOrcHZBpW0', 'nNhisoZuTzR', '201503', 'sL6cDCzo7h9', '631.0', ''),
(6754, 'uyOrcHZBpW0', 'fgGcpHh5Bl6', '201503', 'EJ8nUfcupBq', '123.0', ''),
(6755, 'wsBsC6gjHvn', 'nNhisoZuTzR', '201504', 'EJ8nUfcupBq', '7346.0', ''),
(6756, 'wsBsC6gjHvn', 'H3PiVz5cdlS', '201505', 'sL6cDCzo7h9', '46.0', ''),
(6757, 'wsBsC6gjHvn', 'nNhisoZuTzR', '201503', 'EJ8nUfcupBq', '25891.0', ''),
(6758, 'wsBsC6gjHvn', 'H3PiVz5cdlS', '201503', 'sL6cDCzo7h9', '435.0', ''),
(6759, 'wsBsC6gjHvn', 'H3PiVz5cdlS', '201504', 'sL6cDCzo7h9', '326.0', ''),
(6760, 'wsBsC6gjHvn', 'nNhisoZuTzR', '201505', 'EJ8nUfcupBq', '350.0', ''),
(6761, 'wsBsC6gjHvn', 'H3PiVz5cdlS', '201505', 'MT1UWZvCVUQ', '260.0', ''),
(6762, 'wsBsC6gjHvn', 'H3PiVz5cdlS', '201504', 'MT1UWZvCVUQ', '165.0', ''),
(6763, 'wsBsC6gjHvn', 'H3PiVz5cdlS', '201503', 'MT1UWZvCVUQ', '202.0', ''),
(6764, 'wsBsC6gjHvn', 'H3PiVz5cdlS', '201503', 'jFOwIS0MEFZ', '26.0', ''),
(6765, 'wsBsC6gjHvn', 'H3PiVz5cdlS', '201504', 'jFOwIS0MEFZ', '2.0', ''),
(6766, 'wsBsC6gjHvn', 'MnMPmhXaWns', '201504', 'v0szLFkFN1L', '210.0', ''),
(6767, 'wsBsC6gjHvn', 'MnMPmhXaWns', '201503', 'v0szLFkFN1L', '2813.0', ''),
(6768, 'wsBsC6gjHvn', 'fgGcpHh5Bl6', '201503', 'qrh0ydN5iqx', '476.0', ''),
(6769, 'wsBsC6gjHvn', 'fgGcpHh5Bl6', '201504', 'qrh0ydN5iqx', '72.0', ''),
(6770, 'wsBsC6gjHvn', 'nNhisoZuTzR', '201503', 'Kk3atPpSnCh', '60.0', ''),
(6771, 'wsBsC6gjHvn', 'nNhisoZuTzR', '201504', 'Kk3atPpSnCh', '7314.0', ''),
(6772, 'wsBsC6gjHvn', 'fgGcpHh5Bl6', '201505', 'qrh0ydN5iqx', '119.0', ''),
(6773, 'wsBsC6gjHvn', 'nNhisoZuTzR', '201505', 'Kk3atPpSnCh', '7.0', ''),
(6774, 'wsBsC6gjHvn', 'fgGcpHh5Bl6', '201503', 'Kk3atPpSnCh', '55.0', ''),
(6775, 'wsBsC6gjHvn', 'nNhisoZuTzR', '201503', 'jFOwIS0MEFZ', '7.0', ''),
(6776, 'wsBsC6gjHvn', 'nNhisoZuTzR', '201504', 'jFOwIS0MEFZ', '9.0', ''),
(6777, 'wsBsC6gjHvn', 'fgGcpHh5Bl6', '201504', 'Kk3atPpSnCh', '151.0', ''),
(6778, 'wsBsC6gjHvn', 'fgGcpHh5Bl6', '201503', 'UbFZzGAky0H', '151.0', ''),
(6779, 'wsBsC6gjHvn', 'fgGcpHh5Bl6', '201504', 'UbFZzGAky0H', '20.0', ''),
(6780, 'wsBsC6gjHvn', 'fgGcpHh5Bl6', '201504', 'jFOwIS0MEFZ', '6.0', ''),
(6781, 'wsBsC6gjHvn', 'fgGcpHh5Bl6', '201503', 'jFOwIS0MEFZ', '6.0', ''),
(6782, 'wsBsC6gjHvn', 'nNhisoZuTzR', '201503', 'HMJ9YZLMqo3', '16901.0', ''),
(6783, 'wsBsC6gjHvn', 'nNhisoZuTzR', '201504', 'HMJ9YZLMqo3', '7753.0', ''),
(6784, 'wsBsC6gjHvn', 'nNhisoZuTzR', '201505', 'MT1UWZvCVUQ', '10050.0', ''),
(6785, 'wsBsC6gjHvn', 'nNhisoZuTzR', '201504', 'MT1UWZvCVUQ', '21450.0', ''),
(6786, 'wsBsC6gjHvn', 'nNhisoZuTzR', '201505', 'HMJ9YZLMqo3', '2811.0', ''),
(6787, 'wsBsC6gjHvn', 'nNhisoZuTzR', '201503', 'MT1UWZvCVUQ', '30655.0', ''),
(6788, 'wsBsC6gjHvn', 'MnMPmhXaWns', '201504', 'MT1UWZvCVUQ', '520.0', ''),
(6789, 'wsBsC6gjHvn', 'MnMPmhXaWns', '201503', 'MT1UWZvCVUQ', '570.0', ''),
(6790, 'wsBsC6gjHvn', 'fgGcpHh5Bl6', '201503', 'LDmTsQdoXs5', '842.0', ''),
(6791, 'wsBsC6gjHvn', 'nNhisoZuTzR', '201504', 'sL6cDCzo7h9', '954.0', ''),
(6792, 'wsBsC6gjHvn', 'MnMPmhXaWns', '201503', 'HMJ9YZLMqo3', '15.0', ''),
(6793, 'wsBsC6gjHvn', 'nNhisoZuTzR', '201503', 'sL6cDCzo7h9', '1311.0', ''),
(6794, 'wsBsC6gjHvn', 'MnMPmhXaWns', '201504', 'HMJ9YZLMqo3', '42.0', ''),
(6795, 'wsBsC6gjHvn', 'MnMPmhXaWns', '201504', 'Kk3atPpSnCh', '5.0', ''),
(6796, 'wsBsC6gjHvn', 'MnMPmhXaWns', '201503', 'sL6cDCzo7h9', '6.0', ''),
(6797, 'wsBsC6gjHvn', 'fgGcpHh5Bl6', '201505', 'LDmTsQdoXs5', '86.0', ''),
(6798, 'wsBsC6gjHvn', 'fgGcpHh5Bl6', '201504', 'EJ8nUfcupBq', '790.0', ''),
(6799, 'wsBsC6gjHvn', 'MnMPmhXaWns', '201504', 'sL6cDCzo7h9', '5.0', ''),
(6800, 'wsBsC6gjHvn', 'fgGcpHh5Bl6', '201504', 'LDmTsQdoXs5', '406.0', ''),
(6801, 'wsBsC6gjHvn', 'fgGcpHh5Bl6', '201503', 'EJ8nUfcupBq', '686.0', ''),
(6802, 'wsBsC6gjHvn', 'H3PiVz5cdlS', '201504', 'EJ8nUfcupBq', '331.0', ''),
(6803, 'wsBsC6gjHvn', 'nNhisoZuTzR', '201505', 'ZxUQw1ay1cw', '1050.0', ''),
(6804, 'wsBsC6gjHvn', 'H3PiVz5cdlS', '201503', 'EJ8nUfcupBq', '332.0', ''),
(6805, 'wsBsC6gjHvn', 'MnMPmhXaWns', '201503', 'ZxUQw1ay1cw', '2842.0', ''),
(6806, 'wsBsC6gjHvn', 'MnMPmhXaWns', '201504', 'ZxUQw1ay1cw', '269.0', ''),
(6807, 'wsBsC6gjHvn', 'nNhisoZuTzR', '201503', 'ZxUQw1ay1cw', '38080.0', ''),
(6808, 'wsBsC6gjHvn', 'nNhisoZuTzR', '201504', 'ZxUQw1ay1cw', '14383.0', ''),
(6809, 'wsBsC6gjHvn', 'fgGcpHh5Bl6', '201505', 'HMJ9YZLMqo3', '86.0', ''),
(6810, 'wsBsC6gjHvn', 'H3PiVz5cdlS', '201504', 'ZxUQw1ay1cw', '1738.0', ''),
(6811, 'wsBsC6gjHvn', 'H3PiVz5cdlS', '201505', 'ZxUQw1ay1cw', '351.0', ''),
(6812, 'wsBsC6gjHvn', 'H3PiVz5cdlS', '201503', 'ZxUQw1ay1cw', '1708.0', ''),
(6813, 'wsBsC6gjHvn', 'H3PiVz5cdlS', '201505', 'LDmTsQdoXs5', '44.0', ''),
(6814, 'wsBsC6gjHvn', 'fgGcpHh5Bl6', '201503', 'HMJ9YZLMqo3', '819.0', ''),
(6815, 'wsBsC6gjHvn', 'H3PiVz5cdlS', '201504', 'LDmTsQdoXs5', '135.0', ''),
(6816, 'wsBsC6gjHvn', 'fgGcpHh5Bl6', '201504', 'HMJ9YZLMqo3', '341.0', ''),
(6817, 'wsBsC6gjHvn', 'H3PiVz5cdlS', '201503', 'LDmTsQdoXs5', '106.0', ''),
(6818, 'wsBsC6gjHvn', 'H3PiVz5cdlS', '201503', 'qrh0ydN5iqx', '115.0', ''),
(6819, 'wsBsC6gjHvn', 'H3PiVz5cdlS', '201504', 'qrh0ydN5iqx', '21.0', ''),
(6820, 'wsBsC6gjHvn', 'MnMPmhXaWns', '201504', 'EJ8nUfcupBq', '100.0', ''),
(6821, 'wsBsC6gjHvn', 'H3PiVz5cdlS', '201505', 'qrh0ydN5iqx', '22.0', ''),
(6822, 'wsBsC6gjHvn', 'MnMPmhXaWns', '201503', 'EJ8nUfcupBq', '50.0', ''),
(6823, 'wsBsC6gjHvn', 'nNhisoZuTzR', '201505', 'v0szLFkFN1L', '2206.0', ''),
(6824, 'wsBsC6gjHvn', 'H3PiVz5cdlS', '201505', 'UbFZzGAky0H', '7.0', ''),
(6825, 'wsBsC6gjHvn', 'nNhisoZuTzR', '201503', 'v0szLFkFN1L', '24259.0', ''),
(6826, 'wsBsC6gjHvn', 'nNhisoZuTzR', '201504', 'v0szLFkFN1L', '14748.0', ''),
(6827, 'wsBsC6gjHvn', 'H3PiVz5cdlS', '201503', 'UbFZzGAky0H', '50.0', ''),
(6828, 'wsBsC6gjHvn', 'fgGcpHh5Bl6', '201504', 'MT1UWZvCVUQ', '265.0', ''),
(6829, 'wsBsC6gjHvn', 'fgGcpHh5Bl6', '201503', 'MT1UWZvCVUQ', '856.0', ''),
(6830, 'wsBsC6gjHvn', 'fgGcpHh5Bl6', '201503', 'sL6cDCzo7h9', '733.0', ''),
(6831, 'wsBsC6gjHvn', 'fgGcpHh5Bl6', '201504', 'v0szLFkFN1L', '3681.0', ''),
(6832, 'wsBsC6gjHvn', 'fgGcpHh5Bl6', '201503', 'v0szLFkFN1L', '4559.0', ''),
(6833, 'wsBsC6gjHvn', 'fgGcpHh5Bl6', '201505', 'v0szLFkFN1L', '683.0', ''),
(6834, 'wsBsC6gjHvn', 'fgGcpHh5Bl6', '201504', 'sL6cDCzo7h9', '421.0', ''),
(6835, 'wsBsC6gjHvn', 'H3PiVz5cdlS', '201503', 'v0szLFkFN1L', '1694.0', ''),
(6836, 'wsBsC6gjHvn', 'nNhisoZuTzR', '201504', 'UbFZzGAky0H', '800.0', ''),
(6837, 'wsBsC6gjHvn', 'H3PiVz5cdlS', '201505', 'v0szLFkFN1L', '372.0', ''),
(6838, 'wsBsC6gjHvn', 'MnMPmhXaWns', '201504', 'jFOwIS0MEFZ', '2.0', ''),
(6839, 'wsBsC6gjHvn', 'nNhisoZuTzR', '201503', 'UbFZzGAky0H', '1340.0', ''),
(6840, 'wsBsC6gjHvn', 'H3PiVz5cdlS', '201504', 'v0szLFkFN1L', '1512.0', ''),
(6841, 'wsBsC6gjHvn', 'H3PiVz5cdlS', '201504', 'Kk3atPpSnCh', '91.0', ''),
(6842, 'wsBsC6gjHvn', 'nNhisoZuTzR', '201505', 'UbFZzGAky0H', '485.0', ''),
(6843, 'wsBsC6gjHvn', 'H3PiVz5cdlS', '201503', 'Kk3atPpSnCh', '191.0', ''),
(6844, 'wsBsC6gjHvn', 'nNhisoZuTzR', '201503', 'qrh0ydN5iqx', '6099.0', ''),
(6845, 'wsBsC6gjHvn', 'nNhisoZuTzR', '201504', 'qrh0ydN5iqx', '1441.0', ''),
(6846, 'wsBsC6gjHvn', 'nNhisoZuTzR', '201505', 'qrh0ydN5iqx', '1541.0', ''),
(6847, 'wsBsC6gjHvn', 'nNhisoZuTzR', '201505', 'LDmTsQdoXs5', '2811.0', ''),
(6848, 'wsBsC6gjHvn', 'fgGcpHh5Bl6', '201505', 'ZxUQw1ay1cw', '709.0', ''),
(6849, 'wsBsC6gjHvn', 'nNhisoZuTzR', '201504', 'LDmTsQdoXs5', '7910.0', ''),
(6850, 'wsBsC6gjHvn', 'fgGcpHh5Bl6', '201503', 'ZxUQw1ay1cw', '5591.0', ''),
(6851, 'wsBsC6gjHvn', 'nNhisoZuTzR', '201503', 'LDmTsQdoXs5', '17103.0', ''),
(6852, 'wsBsC6gjHvn', 'fgGcpHh5Bl6', '201504', 'ZxUQw1ay1cw', '3898.0', ''),
(6853, 'wsBsC6gjHvn', 'fgGcpHh5Bl6', '201505', 'MT1UWZvCVUQ', '290.0', ''),
(6854, 'wsBsC6gjHvn', 'MnMPmhXaWns', '201503', 'LDmTsQdoXs5', '341.0', ''),
(6855, 'wsBsC6gjHvn', 'MnMPmhXaWns', '201504', 'LDmTsQdoXs5', '40.0', ''),
(6856, 'wsBsC6gjHvn', 'H3PiVz5cdlS', '201504', 'HMJ9YZLMqo3', '135.0', ''),
(6857, 'wsBsC6gjHvn', 'H3PiVz5cdlS', '201505', 'HMJ9YZLMqo3', '42.0', ''),
(6858, 'wsBsC6gjHvn', 'H3PiVz5cdlS', '201503', 'HMJ9YZLMqo3', '106.0', ''),
(6859, 'XWALbfAPa6n', 'nNhisoZuTzR', '201504', 'EJ8nUfcupBq', '112.0', ''),
(6860, 'XWALbfAPa6n', 'nNhisoZuTzR', '201503', 'EJ8nUfcupBq', '1200.0', ''),
(6861, 'XWALbfAPa6n', 'H3PiVz5cdlS', '201503', 'sL6cDCzo7h9', '14.0', ''),
(6862, 'XWALbfAPa6n', 'H3PiVz5cdlS', '201504', 'sL6cDCzo7h9', '15.0', ''),
(6863, 'XWALbfAPa6n', 'fgGcpHh5Bl6', '201505', 'HMJ9YZLMqo3', '19.0', ''),
(6864, 'XWALbfAPa6n', 'H3PiVz5cdlS', '201504', 'ZxUQw1ay1cw', '244.0', ''),
(6865, 'XWALbfAPa6n', 'H3PiVz5cdlS', '201505', 'ZxUQw1ay1cw', '247.0', ''),
(6866, 'XWALbfAPa6n', 'nNhisoZuTzR', '201505', 'EJ8nUfcupBq', '1150.0', ''),
(6867, 'XWALbfAPa6n', 'H3PiVz5cdlS', '201503', 'ZxUQw1ay1cw', '251.0', ''),
(6868, 'XWALbfAPa6n', 'H3PiVz5cdlS', '201505', 'LDmTsQdoXs5', '4.0', ''),
(6869, 'XWALbfAPa6n', 'MnMPmhXaWns', '201505', 'EJ8nUfcupBq', '50.0', ''),
(6870, 'XWALbfAPa6n', 'fgGcpHh5Bl6', '201503', 'HMJ9YZLMqo3', '41.0', ''),
(6871, 'XWALbfAPa6n', 'H3PiVz5cdlS', '201504', 'LDmTsQdoXs5', '2.0', ''),
(6872, 'XWALbfAPa6n', 'H3PiVz5cdlS', '201505', 'MT1UWZvCVUQ', '100.0', ''),
(6873, 'XWALbfAPa6n', 'fgGcpHh5Bl6', '201504', 'HMJ9YZLMqo3', '25.0', ''),
(6874, 'XWALbfAPa6n', 'H3PiVz5cdlS', '201504', 'MT1UWZvCVUQ', '20.0', ''),
(6875, 'XWALbfAPa6n', 'H3PiVz5cdlS', '201503', 'LDmTsQdoXs5', '1.0', ''),
(6876, 'XWALbfAPa6n', 'H3PiVz5cdlS', '201503', 'MT1UWZvCVUQ', '20.0', ''),
(6877, 'XWALbfAPa6n', 'nNhisoZuTzR', '201505', 'v0szLFkFN1L', '3029.0', ''),
(6878, 'XWALbfAPa6n', 'nNhisoZuTzR', '201503', 'v0szLFkFN1L', '3504.0', ''),
(6879, 'XWALbfAPa6n', 'nNhisoZuTzR', '201504', 'v0szLFkFN1L', '5248.0', ''),
(6880, 'XWALbfAPa6n', 'fgGcpHh5Bl6', '201504', 'MT1UWZvCVUQ', '330.0', ''),
(6881, 'XWALbfAPa6n', 'fgGcpHh5Bl6', '201503', 'MT1UWZvCVUQ', '350.0', ''),
(6882, 'XWALbfAPa6n', 'MnMPmhXaWns', '201505', 'v0szLFkFN1L', '118.0', ''),
(6883, 'XWALbfAPa6n', 'MnMPmhXaWns', '201504', 'v0szLFkFN1L', '70.0', ''),
(6884, 'XWALbfAPa6n', 'MnMPmhXaWns', '201503', 'v0szLFkFN1L', '200.0', ''),
(6885, 'XWALbfAPa6n', 'fgGcpHh5Bl6', '201503', 'sL6cDCzo7h9', '40.0', ''),
(6886, 'XWALbfAPa6n', 'nNhisoZuTzR', '201503', 'Kk3atPpSnCh', '153.0', ''),
(6887, 'XWALbfAPa6n', 'nNhisoZuTzR', '201504', 'Kk3atPpSnCh', '30.0', ''),
(6888, 'XWALbfAPa6n', 'nNhisoZuTzR', '201505', 'Kk3atPpSnCh', '31.0', ''),
(6889, 'XWALbfAPa6n', 'fgGcpHh5Bl6', '201504', 'v0szLFkFN1L', '202.0', ''),
(6890, 'XWALbfAPa6n', 'fgGcpHh5Bl6', '201503', 'Kk3atPpSnCh', '122.0', ''),
(6891, 'XWALbfAPa6n', 'fgGcpHh5Bl6', '201503', 'v0szLFkFN1L', '254.0', ''),
(6892, 'XWALbfAPa6n', 'fgGcpHh5Bl6', '201505', 'v0szLFkFN1L', '225.0', ''),
(6893, 'XWALbfAPa6n', 'nNhisoZuTzR', '201503', 'jFOwIS0MEFZ', '2.0', ''),
(6894, 'XWALbfAPa6n', 'nNhisoZuTzR', '201505', 'jFOwIS0MEFZ', '4.0', ''),
(6895, 'XWALbfAPa6n', 'nNhisoZuTzR', '201504', 'jFOwIS0MEFZ', '5.0', ''),
(6896, 'XWALbfAPa6n', 'fgGcpHh5Bl6', '201504', 'Kk3atPpSnCh', '30.0', ''),
(6897, 'XWALbfAPa6n', 'H3PiVz5cdlS', '201503', 'v0szLFkFN1L', '201.0', ''),
(6898, 'XWALbfAPa6n', 'nNhisoZuTzR', '201504', 'UbFZzGAky0H', '362.0', ''),
(6899, 'XWALbfAPa6n', 'H3PiVz5cdlS', '201505', 'v0szLFkFN1L', '252.0', ''),
(6900, 'XWALbfAPa6n', 'H3PiVz5cdlS', '201504', 'v0szLFkFN1L', '246.0', ''),
(6901, 'XWALbfAPa6n', 'nNhisoZuTzR', '201503', 'HMJ9YZLMqo3', '1315.0', ''),
(6902, 'XWALbfAPa6n', 'nNhisoZuTzR', '201504', 'HMJ9YZLMqo3', '1000.0', ''),
(6903, 'XWALbfAPa6n', 'nNhisoZuTzR', '201505', 'MT1UWZvCVUQ', '4571.0', ''),
(6904, 'XWALbfAPa6n', 'nNhisoZuTzR', '201504', 'MT1UWZvCVUQ', '4500.0', ''),
(6905, 'XWALbfAPa6n', 'nNhisoZuTzR', '201505', 'HMJ9YZLMqo3', '1023.0', ''),
(6906, 'XWALbfAPa6n', 'nNhisoZuTzR', '201503', 'MT1UWZvCVUQ', '3750.0', ''),
(6907, 'XWALbfAPa6n', 'MnMPmhXaWns', '201504', 'MT1UWZvCVUQ', '350.0', ''),
(6908, 'XWALbfAPa6n', 'MnMPmhXaWns', '201503', 'MT1UWZvCVUQ', '450.0', ''),
(6909, 'XWALbfAPa6n', 'nNhisoZuTzR', '201503', 'qrh0ydN5iqx', '100.0', ''),
(6910, 'XWALbfAPa6n', 'MnMPmhXaWns', '201505', 'MT1UWZvCVUQ', '300.0', ''),
(6911, 'XWALbfAPa6n', 'fgGcpHh5Bl6', '201503', 'LDmTsQdoXs5', '41.0', ''),
(6912, 'XWALbfAPa6n', 'nNhisoZuTzR', '201505', 'qrh0ydN5iqx', '100.0', ''),
(6913, 'XWALbfAPa6n', 'MnMPmhXaWns', '201505', 'HMJ9YZLMqo3', '142.0', ''),
(6914, 'XWALbfAPa6n', 'nNhisoZuTzR', '201505', 'sL6cDCzo7h9', '521.0', ''),
(6915, 'XWALbfAPa6n', 'MnMPmhXaWns', '201503', 'HMJ9YZLMqo3', '118.0', ''),
(6916, 'XWALbfAPa6n', 'nNhisoZuTzR', '201503', 'sL6cDCzo7h9', '39.0', ''),
(6917, 'XWALbfAPa6n', 'MnMPmhXaWns', '201504', 'HMJ9YZLMqo3', '64.0', ''),
(6918, 'XWALbfAPa6n', 'fgGcpHh5Bl6', '201505', 'EJ8nUfcupBq', '1.0', ''),
(6919, 'XWALbfAPa6n', 'fgGcpHh5Bl6', '201505', 'LDmTsQdoXs5', '19.0', ''),
(6920, 'XWALbfAPa6n', 'fgGcpHh5Bl6', '201503', 'EJ8nUfcupBq', '60.0', ''),
(6921, 'XWALbfAPa6n', 'fgGcpHh5Bl6', '201504', 'LDmTsQdoXs5', '24.0', ''),
(6922, 'XWALbfAPa6n', 'nNhisoZuTzR', '201505', 'LDmTsQdoXs5', '1021.0', ''),
(6923, 'XWALbfAPa6n', 'fgGcpHh5Bl6', '201505', 'ZxUQw1ay1cw', '206.0', ''),
(6924, 'XWALbfAPa6n', 'nNhisoZuTzR', '201504', 'LDmTsQdoXs5', '897.0', ''),
(6925, 'XWALbfAPa6n', 'fgGcpHh5Bl6', '201503', 'ZxUQw1ay1cw', '253.0', ''),
(6926, 'XWALbfAPa6n', 'nNhisoZuTzR', '201503', 'LDmTsQdoXs5', '895.0', ''),
(6927, 'XWALbfAPa6n', 'fgGcpHh5Bl6', '201504', 'ZxUQw1ay1cw', '177.0', ''),
(6928, 'XWALbfAPa6n', 'fgGcpHh5Bl6', '201505', 'MT1UWZvCVUQ', '420.0', ''),
(6929, 'XWALbfAPa6n', 'nNhisoZuTzR', '201505', 'ZxUQw1ay1cw', '3024.0', ''),
(6930, 'XWALbfAPa6n', 'H3PiVz5cdlS', '201503', 'EJ8nUfcupBq', '56.0', ''),
(6931, 'XWALbfAPa6n', 'MnMPmhXaWns', '201503', 'ZxUQw1ay1cw', '82.0', ''),
(6932, 'XWALbfAPa6n', 'MnMPmhXaWns', '201504', 'ZxUQw1ay1cw', '6.0', ''),
(6933, 'XWALbfAPa6n', 'nNhisoZuTzR', '201503', 'ZxUQw1ay1cw', '3449.0', ''),
(6934, 'XWALbfAPa6n', 'MnMPmhXaWns', '201505', 'ZxUQw1ay1cw', '26.0', ''),
(6935, 'XWALbfAPa6n', 'nNhisoZuTzR', '201504', 'ZxUQw1ay1cw', '3994.0', ''),
(6936, 'XWALbfAPa6n', 'MnMPmhXaWns', '201503', 'LDmTsQdoXs5', '118.0', ''),
(6937, 'XWALbfAPa6n', 'MnMPmhXaWns', '201504', 'LDmTsQdoXs5', '64.0', ''),
(6938, 'XWALbfAPa6n', 'MnMPmhXaWns', '201505', 'LDmTsQdoXs5', '142.0', ''),
(6939, 'XWALbfAPa6n', 'H3PiVz5cdlS', '201504', 'HMJ9YZLMqo3', '2.0', ''),
(6940, 'XWALbfAPa6n', 'H3PiVz5cdlS', '201505', 'HMJ9YZLMqo3', '4.0', ''),
(6941, 'XWALbfAPa6n', 'H3PiVz5cdlS', '201503', 'HMJ9YZLMqo3', '6.0', ''),
(6942, 'Y52XNJ50hYb', 'nNhisoZuTzR', '201504', 'EJ8nUfcupBq', '6406.0', ''),
(6943, 'Y52XNJ50hYb', 'H3PiVz5cdlS', '201505', 'sL6cDCzo7h9', '76.0', ''),
(6944, 'Y52XNJ50hYb', 'nNhisoZuTzR', '201503', 'EJ8nUfcupBq', '5700.0', ''),
(6945, 'Y52XNJ50hYb', 'H3PiVz5cdlS', '201503', 'sL6cDCzo7h9', '251.0', ''),
(6946, 'Y52XNJ50hYb', 'H3PiVz5cdlS', '201504', 'sL6cDCzo7h9', '246.0', ''),
(6947, 'Y52XNJ50hYb', 'fgGcpHh5Bl6', '201505', 'HMJ9YZLMqo3', '41.0', ''),
(6948, 'Y52XNJ50hYb', 'H3PiVz5cdlS', '201504', 'ZxUQw1ay1cw', '1731.0', ''),
(6949, 'Y52XNJ50hYb', 'H3PiVz5cdlS', '201505', 'ZxUQw1ay1cw', '675.0', ''),
(6950, 'Y52XNJ50hYb', 'nNhisoZuTzR', '201505', 'EJ8nUfcupBq', '300.0', ''),
(6951, 'Y52XNJ50hYb', 'H3PiVz5cdlS', '201503', 'ZxUQw1ay1cw', '2285.0', ''),
(6952, 'Y52XNJ50hYb', 'H3PiVz5cdlS', '201505', 'LDmTsQdoXs5', '2.0', ''),
(6953, 'Y52XNJ50hYb', 'fgGcpHh5Bl6', '201503', 'HMJ9YZLMqo3', '231.0', ''),
(6954, 'Y52XNJ50hYb', 'H3PiVz5cdlS', '201504', 'LDmTsQdoXs5', '9.0', ''),
(6955, 'Y52XNJ50hYb', 'H3PiVz5cdlS', '201505', 'MT1UWZvCVUQ', '120.0', ''),
(6956, 'Y52XNJ50hYb', 'fgGcpHh5Bl6', '201504', 'HMJ9YZLMqo3', '172.0', ''),
(6957, 'Y52XNJ50hYb', 'H3PiVz5cdlS', '201503', 'LDmTsQdoXs5', '20.0', ''),
(6958, 'Y52XNJ50hYb', 'H3PiVz5cdlS', '201504', 'MT1UWZvCVUQ', '140.0', ''),
(6959, 'Y52XNJ50hYb', 'H3PiVz5cdlS', '201503', 'MT1UWZvCVUQ', '220.0', ''),
(6960, 'Y52XNJ50hYb', 'H3PiVz5cdlS', '201504', 'qrh0ydN5iqx', '20.0', ''),
(6961, 'Y52XNJ50hYb', 'MnMPmhXaWns', '201503', 'EJ8nUfcupBq', '165.0', ''),
(6962, 'Y52XNJ50hYb', 'nNhisoZuTzR', '201505', 'v0szLFkFN1L', '14423.0', ''),
(6963, 'Y52XNJ50hYb', 'H3PiVz5cdlS', '201504', 'UbFZzGAky0H', '20.0', ''),
(6964, 'Y52XNJ50hYb', 'nNhisoZuTzR', '201503', 'v0szLFkFN1L', '62641.0', ''),
(6965, 'Y52XNJ50hYb', 'nNhisoZuTzR', '201504', 'v0szLFkFN1L', '27116.0', ''),
(6966, 'Y52XNJ50hYb', 'H3PiVz5cdlS', '201503', 'UbFZzGAky0H', '59.0', ''),
(6967, 'Y52XNJ50hYb', 'fgGcpHh5Bl6', '201504', 'MT1UWZvCVUQ', '310.0', ''),
(6968, 'Y52XNJ50hYb', 'fgGcpHh5Bl6', '201503', 'MT1UWZvCVUQ', '248.0', ''),
(6969, 'Y52XNJ50hYb', 'H3PiVz5cdlS', '201505', 'jFOwIS0MEFZ', '33.0', ''),
(6970, 'Y52XNJ50hYb', 'MnMPmhXaWns', '201504', 'v0szLFkFN1L', '18.0', ''),
(6971, 'Y52XNJ50hYb', 'MnMPmhXaWns', '201503', 'v0szLFkFN1L', '97.0', ''),
(6972, 'Y52XNJ50hYb', 'fgGcpHh5Bl6', '201503', 'sL6cDCzo7h9', '267.0', ''),
(6973, 'Y52XNJ50hYb', 'fgGcpHh5Bl6', '201504', 'qrh0ydN5iqx', '5.0', ''),
(6974, 'Y52XNJ50hYb', 'nNhisoZuTzR', '201503', 'Kk3atPpSnCh', '12.0', ''),
(6975, 'Y52XNJ50hYb', 'fgGcpHh5Bl6', '201504', 'v0szLFkFN1L', '3053.0', ''),
(6976, 'Y52XNJ50hYb', 'fgGcpHh5Bl6', '201503', 'Kk3atPpSnCh', '12.0', ''),
(6977, 'Y52XNJ50hYb', 'fgGcpHh5Bl6', '201503', 'v0szLFkFN1L', '5337.0', ''),
(6978, 'Y52XNJ50hYb', 'fgGcpHh5Bl6', '201505', 'v0szLFkFN1L', '1359.0', ''),
(6979, 'Y52XNJ50hYb', 'fgGcpHh5Bl6', '201504', 'sL6cDCzo7h9', '192.0', ''),
(6980, 'Y52XNJ50hYb', 'fgGcpHh5Bl6', '201505', 'sL6cDCzo7h9', '29.0', ''),
(6981, 'Y52XNJ50hYb', 'nNhisoZuTzR', '201503', 'jFOwIS0MEFZ', '7.0', ''),
(6982, 'Y52XNJ50hYb', 'nNhisoZuTzR', '201505', 'jFOwIS0MEFZ', '7.0', ''),
(6983, 'Y52XNJ50hYb', 'nNhisoZuTzR', '201504', 'jFOwIS0MEFZ', '16.0', ''),
(6984, 'Y52XNJ50hYb', 'fgGcpHh5Bl6', '201503', 'UbFZzGAky0H', '150.0', ''),
(6985, 'Y52XNJ50hYb', 'H3PiVz5cdlS', '201503', 'v0szLFkFN1L', '2233.0', ''),
(6986, 'Y52XNJ50hYb', 'fgGcpHh5Bl6', '201504', 'UbFZzGAky0H', '30.0', ''),
(6987, 'Y52XNJ50hYb', 'nNhisoZuTzR', '201504', 'UbFZzGAky0H', '600.0', ''),
(6988, 'Y52XNJ50hYb', 'H3PiVz5cdlS', '201505', 'v0szLFkFN1L', '690.0', ''),
(6989, 'Y52XNJ50hYb', 'nNhisoZuTzR', '201503', 'UbFZzGAky0H', '1153.0', ''),
(6990, 'Y52XNJ50hYb', 'H3PiVz5cdlS', '201504', 'v0szLFkFN1L', '1560.0', ''),
(6991, 'Y52XNJ50hYb', 'nNhisoZuTzR', '201505', 'UbFZzGAky0H', '100.0', ''),
(6992, 'Y52XNJ50hYb', 'fgGcpHh5Bl6', '201503', 'jFOwIS0MEFZ', '6.0', ''),
(6993, 'Y52XNJ50hYb', 'nNhisoZuTzR', '201503', 'HMJ9YZLMqo3', '5070.0', ''),
(6994, 'Y52XNJ50hYb', 'nNhisoZuTzR', '201504', 'HMJ9YZLMqo3', '3708.0', ''),
(6995, 'Y52XNJ50hYb', 'nNhisoZuTzR', '201505', 'MT1UWZvCVUQ', '750.0', ''),
(6996, 'Y52XNJ50hYb', 'nNhisoZuTzR', '201504', 'MT1UWZvCVUQ', '1300.0', ''),
(6997, 'Y52XNJ50hYb', 'nNhisoZuTzR', '201505', 'HMJ9YZLMqo3', '1518.0', ''),
(6998, 'Y52XNJ50hYb', 'nNhisoZuTzR', '201503', 'MT1UWZvCVUQ', '5650.0', ''),
(6999, 'Y52XNJ50hYb', 'MnMPmhXaWns', '201504', 'MT1UWZvCVUQ', '100.0', ''),
(7000, 'Y52XNJ50hYb', 'MnMPmhXaWns', '201503', 'MT1UWZvCVUQ', '640.0', ''),
(7001, 'Y52XNJ50hYb', 'nNhisoZuTzR', '201503', 'qrh0ydN5iqx', '810.0', ''),
(7002, 'Y52XNJ50hYb', 'nNhisoZuTzR', '201504', 'qrh0ydN5iqx', '15.0', ''),
(7003, 'Y52XNJ50hYb', 'fgGcpHh5Bl6', '201503', 'LDmTsQdoXs5', '137.0', ''),
(7004, 'Y52XNJ50hYb', 'nNhisoZuTzR', '201504', 'sL6cDCzo7h9', '3000.0', ''),
(7005, 'Y52XNJ50hYb', 'MnMPmhXaWns', '201503', 'Kk3atPpSnCh', '61.0', ''),
(7006, 'Y52XNJ50hYb', 'nNhisoZuTzR', '201505', 'sL6cDCzo7h9', '1835.0', ''),
(7007, 'Y52XNJ50hYb', 'MnMPmhXaWns', '201503', 'HMJ9YZLMqo3', '84.0', ''),
(7008, 'Y52XNJ50hYb', 'nNhisoZuTzR', '201503', 'sL6cDCzo7h9', '1032.0', ''),
(7009, 'Y52XNJ50hYb', 'MnMPmhXaWns', '201504', 'HMJ9YZLMqo3', '6.0', ''),
(7010, 'Y52XNJ50hYb', 'MnMPmhXaWns', '201504', 'Kk3atPpSnCh', '30.0', ''),
(7011, 'Y52XNJ50hYb', 'fgGcpHh5Bl6', '201505', 'EJ8nUfcupBq', '30.0', ''),
(7012, 'Y52XNJ50hYb', 'fgGcpHh5Bl6', '201505', 'LDmTsQdoXs5', '41.0', ''),
(7013, 'Y52XNJ50hYb', 'fgGcpHh5Bl6', '201504', 'EJ8nUfcupBq', '350.0', ''),
(7014, 'Y52XNJ50hYb', 'fgGcpHh5Bl6', '201504', 'LDmTsQdoXs5', '85.0', ''),
(7015, 'Y52XNJ50hYb', 'fgGcpHh5Bl6', '201503', 'EJ8nUfcupBq', '335.0', ''),
(7016, 'Y52XNJ50hYb', 'nNhisoZuTzR', '201505', 'LDmTsQdoXs5', '1484.0', ''),
(7017, 'Y52XNJ50hYb', 'fgGcpHh5Bl6', '201505', 'ZxUQw1ay1cw', '1348.0', ''),
(7018, 'Y52XNJ50hYb', 'nNhisoZuTzR', '201504', 'LDmTsQdoXs5', '3654.0', ''),
(7019, 'Y52XNJ50hYb', 'fgGcpHh5Bl6', '201503', 'ZxUQw1ay1cw', '5188.0', ''),
(7020, 'Y52XNJ50hYb', 'nNhisoZuTzR', '201503', 'LDmTsQdoXs5', '4972.0', ''),
(7021, 'Y52XNJ50hYb', 'fgGcpHh5Bl6', '201504', 'ZxUQw1ay1cw', '3297.0', ''),
(7022, 'Y52XNJ50hYb', 'fgGcpHh5Bl6', '201505', 'MT1UWZvCVUQ', '130.0', ''),
(7023, 'Y52XNJ50hYb', 'H3PiVz5cdlS', '201505', 'EJ8nUfcupBq', '20.0', ''),
(7024, 'Y52XNJ50hYb', 'H3PiVz5cdlS', '201504', 'EJ8nUfcupBq', '210.0', ''),
(7025, 'Y52XNJ50hYb', 'nNhisoZuTzR', '201505', 'ZxUQw1ay1cw', '12811.0', ''),
(7026, 'Y52XNJ50hYb', 'H3PiVz5cdlS', '201503', 'EJ8nUfcupBq', '200.0', ''),
(7027, 'Y52XNJ50hYb', 'MnMPmhXaWns', '201503', 'ZxUQw1ay1cw', '259.0', ''),
(7028, 'Y52XNJ50hYb', 'MnMPmhXaWns', '201504', 'ZxUQw1ay1cw', '12.0', ''),
(7029, 'Y52XNJ50hYb', 'nNhisoZuTzR', '201503', 'ZxUQw1ay1cw', '30937.0', ''),
(7030, 'Y52XNJ50hYb', 'MnMPmhXaWns', '201503', 'qrh0ydN5iqx', '1.0', ''),
(7031, 'Y52XNJ50hYb', 'nNhisoZuTzR', '201504', 'ZxUQw1ay1cw', '29512.0', ''),
(7032, 'Y52XNJ50hYb', 'MnMPmhXaWns', '201503', 'LDmTsQdoXs5', '43.0', ''),
(7033, 'Y52XNJ50hYb', 'MnMPmhXaWns', '201504', 'LDmTsQdoXs5', '6.0', ''),
(7034, 'Y52XNJ50hYb', 'H3PiVz5cdlS', '201504', 'HMJ9YZLMqo3', '29.0', ''),
(7035, 'Y52XNJ50hYb', 'H3PiVz5cdlS', '201505', 'HMJ9YZLMqo3', '2.0', ''),
(7036, 'Y52XNJ50hYb', 'H3PiVz5cdlS', '201503', 'HMJ9YZLMqo3', '20.0', '');

-- --------------------------------------------------------

--
-- Table structure for table `county_level_reporting_rates`
--

CREATE TABLE IF NOT EXISTS `lab_county_level_reporting_rates` (
`reporting_rate_id` int(11) NOT NULL,
  `reporting_rate_value` varchar(10) NOT NULL,
  `period` varchar(10) NOT NULL,
  `county_id` varchar(50) NOT NULL,
  `date` varchar(30) NOT NULL
) ENGINE=InnoDB AUTO_INCREMENT=1251 DEFAULT CHARSET=latin1;

--
-- Dumping data for table `county_level_reporting_rates`
--

INSERT INTO `lab_county_level_reporting_rates` (`reporting_rate_id`, `reporting_rate_value`, `period`, `county_id`, `date`) VALUES
(942, '102.0', '201509', 'BjC1xL40gHo', ''),
(943, '97.5', '201507', 'BjC1xL40gHo', ''),
(944, '104.0', '201508', 'BjC1xL40gHo', ''),
(945, '102.5', '201505', 'BjC1xL40gHo', ''),
(946, '102.5', '201506', 'BjC1xL40gHo', ''),
(947, '99.5', '201503', 'BjC1xL40gHo', ''),
(948, '94.1', '201504', 'BjC1xL40gHo', ''),
(949, '102.5', '201512', 'BjC1xL40gHo', ''),
(950, '97.5', '201601', 'BjC1xL40gHo', ''),
(951, '101.5', '201510', 'BjC1xL40gHo', ''),
(952, '102.5', '201511', 'BjC1xL40gHo', ''),
(953, '17.2', '201509', 'BoDytkJQ4Qi', ''),
(954, '14.8', '201507', 'BoDytkJQ4Qi', ''),
(955, '14.2', '201508', 'BoDytkJQ4Qi', ''),
(956, '13.0', '201505', 'BoDytkJQ4Qi', ''),
(957, '15.4', '201506', 'BoDytkJQ4Qi', ''),
(958, '15.4', '201503', 'BoDytkJQ4Qi', ''),
(959, '13.0', '201504', 'BoDytkJQ4Qi', ''),
(960, '14.2', '201512', 'BoDytkJQ4Qi', ''),
(961, '15.4', '201601', 'BoDytkJQ4Qi', ''),
(962, '16.0', '201510', 'BoDytkJQ4Qi', ''),
(963, '12.4', '201511', 'BoDytkJQ4Qi', ''),
(964, '25.5', '201509', 'bzOfj0iwfDH', ''),
(965, '33.3', '201507', 'bzOfj0iwfDH', ''),
(966, '23.5', '201508', 'bzOfj0iwfDH', ''),
(967, '25.5', '201505', 'bzOfj0iwfDH', ''),
(968, '29.4', '201506', 'bzOfj0iwfDH', ''),
(969, '19.6', '201503', 'bzOfj0iwfDH', ''),
(970, '21.6', '201504', 'bzOfj0iwfDH', ''),
(971, '29.4', '201512', 'bzOfj0iwfDH', ''),
(972, '27.5', '201601', 'bzOfj0iwfDH', ''),
(973, '27.5', '201510', 'bzOfj0iwfDH', ''),
(974, '27.5', '201511', 'bzOfj0iwfDH', ''),
(975, '25.4', '201509', 'Eey8fT4Im3y', ''),
(976, '11.1', '201507', 'Eey8fT4Im3y', ''),
(977, '23.8', '201508', 'Eey8fT4Im3y', ''),
(978, '23.8', '201505', 'Eey8fT4Im3y', ''),
(979, '1.6', '201506', 'Eey8fT4Im3y', ''),
(980, '15.9', '201504', 'Eey8fT4Im3y', ''),
(981, '11.1', '201512', 'Eey8fT4Im3y', ''),
(982, '1.6', '201601', 'Eey8fT4Im3y', ''),
(983, '25.4', '201510', 'Eey8fT4Im3y', ''),
(984, '7.9', '201511', 'Eey8fT4Im3y', ''),
(985, '11.5', '201509', 'HMNARUV2CW4', ''),
(986, '7.4', '201507', 'HMNARUV2CW4', ''),
(987, '7.4', '201508', 'HMNARUV2CW4', ''),
(988, '5.4', '201505', 'HMNARUV2CW4', ''),
(989, '8.8', '201506', 'HMNARUV2CW4', ''),
(990, '1.4', '201503', 'HMNARUV2CW4', ''),
(991, '1.4', '201504', 'HMNARUV2CW4', ''),
(992, '72.3', '201512', 'HMNARUV2CW4', ''),
(993, '89.2', '201601', 'HMNARUV2CW4', ''),
(994, '29.1', '201510', 'HMNARUV2CW4', ''),
(995, '31.8', '201511', 'HMNARUV2CW4', ''),
(996, '0.81', '201507', 'Hsk1YV8kHkT', ''),
(997, '11.4', '201512', 'Hsk1YV8kHkT', ''),
(998, '0.81', '201601', 'Hsk1YV8kHkT', ''),
(999, '1.6', '201510', 'Hsk1YV8kHkT', ''),
(1000, '25.2', '201511', 'Hsk1YV8kHkT', ''),
(1001, '43.2', '201509', 'ihZsJ8alvtb', ''),
(1002, '30.7', '201507', 'ihZsJ8alvtb', ''),
(1003, '6.8', '201508', 'ihZsJ8alvtb', ''),
(1004, '1.1', '201505', 'ihZsJ8alvtb', ''),
(1005, '1.1', '201506', 'ihZsJ8alvtb', ''),
(1006, '2.3', '201503', 'ihZsJ8alvtb', ''),
(1007, '3.4', '201504', 'ihZsJ8alvtb', ''),
(1008, '28.4', '201512', 'ihZsJ8alvtb', ''),
(1009, '29.5', '201601', 'ihZsJ8alvtb', ''),
(1010, '1.1', '201510', 'ihZsJ8alvtb', ''),
(1011, '1.9', '201509', 'jkG3zaihdSs', ''),
(1012, '1.6', '201507', 'jkG3zaihdSs', ''),
(1013, '3.0', '201508', 'jkG3zaihdSs', ''),
(1014, '1.6', '201505', 'jkG3zaihdSs', ''),
(1015, '1.6', '201506', 'jkG3zaihdSs', ''),
(1016, '3.8', '201503', 'jkG3zaihdSs', ''),
(1017, '0.81', '201504', 'jkG3zaihdSs', ''),
(1018, '1.1', '201512', 'jkG3zaihdSs', ''),
(1019, '1.6', '201601', 'jkG3zaihdSs', ''),
(1020, '1.3', '201510', 'jkG3zaihdSs', ''),
(1021, '1.1', '201511', 'jkG3zaihdSs', ''),
(1022, '2.0', '201509', 'JsH2bnvNt2d', ''),
(1023, '12.0', '201507', 'JsH2bnvNt2d', ''),
(1024, '12.0', '201505', 'JsH2bnvNt2d', ''),
(1025, '14.0', '201506', 'JsH2bnvNt2d', ''),
(1026, '4.0', '201601', 'JsH2bnvNt2d', ''),
(1027, '18.0', '201510', 'JsH2bnvNt2d', ''),
(1028, '90.6', '201509', 'KGHhQ5GLd4k', ''),
(1029, '87.2', '201507', 'KGHhQ5GLd4k', ''),
(1030, '80.5', '201508', 'KGHhQ5GLd4k', ''),
(1031, '90.6', '201505', 'KGHhQ5GLd4k', ''),
(1032, '76.5', '201506', 'KGHhQ5GLd4k', ''),
(1033, '92.6', '201503', 'KGHhQ5GLd4k', ''),
(1034, '72.5', '201504', 'KGHhQ5GLd4k', ''),
(1035, '99.3', '201512', 'KGHhQ5GLd4k', ''),
(1036, '96.6', '201601', 'KGHhQ5GLd4k', ''),
(1037, '100.7', '201510', 'KGHhQ5GLd4k', ''),
(1038, '98.0', '201511', 'KGHhQ5GLd4k', ''),
(1039, '0.94', '201510', 'kqJ83J2D72s', ''),
(1040, '69.4', '201509', 'MqnLxQBigG0', ''),
(1041, '57.1', '201507', 'MqnLxQBigG0', ''),
(1042, '48.0', '201508', 'MqnLxQBigG0', ''),
(1043, '44.9', '201505', 'MqnLxQBigG0', ''),
(1044, '53.1', '201506', 'MqnLxQBigG0', ''),
(1045, '45.9', '201503', 'MqnLxQBigG0', ''),
(1046, '45.9', '201504', 'MqnLxQBigG0', ''),
(1047, '73.5', '201512', 'MqnLxQBigG0', ''),
(1048, '18.4', '201601', 'MqnLxQBigG0', ''),
(1049, '75.5', '201510', 'MqnLxQBigG0', ''),
(1050, '59.2', '201511', 'MqnLxQBigG0', ''),
(1051, '77.4', '201509', 'mYZacFNIB3h', ''),
(1052, '69.0', '201507', 'mYZacFNIB3h', ''),
(1053, '70.2', '201508', 'mYZacFNIB3h', ''),
(1054, '54.8', '201505', 'mYZacFNIB3h', ''),
(1055, '67.9', '201506', 'mYZacFNIB3h', ''),
(1056, '25.0', '201503', 'mYZacFNIB3h', ''),
(1057, '23.8', '201504', 'mYZacFNIB3h', ''),
(1058, '96.4', '201512', 'mYZacFNIB3h', ''),
(1059, '94.0', '201601', 'mYZacFNIB3h', ''),
(1060, '73.8', '201510', 'mYZacFNIB3h', ''),
(1061, '95.2', '201511', 'mYZacFNIB3h', ''),
(1062, '83.7', '201509', 'N7YETT3A9r1', ''),
(1063, '56.5', '201507', 'N7YETT3A9r1', ''),
(1064, '82.6', '201508', 'N7YETT3A9r1', ''),
(1065, '78.3', '201505', 'N7YETT3A9r1', ''),
(1066, '72.8', '201506', 'N7YETT3A9r1', ''),
(1067, '69.6', '201503', 'N7YETT3A9r1', ''),
(1068, '83.7', '201504', 'N7YETT3A9r1', ''),
(1069, '81.5', '201512', 'N7YETT3A9r1', ''),
(1070, '58.7', '201601', 'N7YETT3A9r1', ''),
(1071, '87.0', '201510', 'N7YETT3A9r1', ''),
(1072, '73.9', '201511', 'N7YETT3A9r1', ''),
(1073, '10.0', '201509', 'NjWSbQTwys4', ''),
(1074, '30.0', '201507', 'NjWSbQTwys4', ''),
(1075, '30.0', '201508', 'NjWSbQTwys4', ''),
(1076, '20.0', '201512', 'NjWSbQTwys4', ''),
(1077, '40.0', '201601', 'NjWSbQTwys4', ''),
(1078, '20.0', '201510', 'NjWSbQTwys4', ''),
(1079, '20.0', '201511', 'NjWSbQTwys4', ''),
(1080, '84.8', '201509', 'nK0A12Q7MvS', ''),
(1081, '82.4', '201507', 'nK0A12Q7MvS', ''),
(1082, '82.4', '201508', 'nK0A12Q7MvS', ''),
(1083, '75.0', '201505', 'nK0A12Q7MvS', ''),
(1084, '78.4', '201506', 'nK0A12Q7MvS', ''),
(1085, '69.6', '201503', 'nK0A12Q7MvS', ''),
(1086, '72.5', '201504', 'nK0A12Q7MvS', ''),
(1087, '94.1', '201512', 'nK0A12Q7MvS', ''),
(1088, '77.5', '201601', 'nK0A12Q7MvS', ''),
(1089, '84.8', '201510', 'nK0A12Q7MvS', ''),
(1090, '76.5', '201511', 'nK0A12Q7MvS', ''),
(1091, '51.5', '201509', 'o36zCRjSd4G', ''),
(1092, '56.1', '201507', 'o36zCRjSd4G', ''),
(1093, '51.5', '201508', 'o36zCRjSd4G', ''),
(1094, '56.1', '201505', 'o36zCRjSd4G', ''),
(1095, '43.9', '201506', 'o36zCRjSd4G', ''),
(1096, '47.0', '201503', 'o36zCRjSd4G', ''),
(1097, '24.2', '201504', 'o36zCRjSd4G', ''),
(1098, '40.9', '201512', 'o36zCRjSd4G', ''),
(1099, '50.0', '201601', 'o36zCRjSd4G', ''),
(1100, '40.9', '201510', 'o36zCRjSd4G', ''),
(1101, '56.1', '201511', 'o36zCRjSd4G', ''),
(1102, '43.2', '201509', 'ob6SxuRcqU4', ''),
(1103, '39.0', '201507', 'ob6SxuRcqU4', ''),
(1104, '42.7', '201508', 'ob6SxuRcqU4', ''),
(1105, '36.1', '201505', 'ob6SxuRcqU4', ''),
(1106, '41.9', '201506', 'ob6SxuRcqU4', ''),
(1107, '33.6', '201503', 'ob6SxuRcqU4', ''),
(1108, '42.3', '201504', 'ob6SxuRcqU4', ''),
(1109, '29.0', '201512', 'ob6SxuRcqU4', ''),
(1110, '31.5', '201601', 'ob6SxuRcqU4', ''),
(1111, '32.8', '201510', 'ob6SxuRcqU4', ''),
(1112, '18.3', '201511', 'ob6SxuRcqU4', ''),
(1113, '0.91', '201510', 'PFu8alU2KWG', ''),
(1114, '88.0', '201509', 'pZqQRRW7PHP', ''),
(1115, '80.3', '201507', 'pZqQRRW7PHP', ''),
(1116, '74.4', '201508', 'pZqQRRW7PHP', ''),
(1117, '61.5', '201505', 'pZqQRRW7PHP', ''),
(1118, '72.6', '201506', 'pZqQRRW7PHP', ''),
(1119, '54.7', '201503', 'pZqQRRW7PHP', ''),
(1120, '47.0', '201504', 'pZqQRRW7PHP', ''),
(1121, '80.3', '201512', 'pZqQRRW7PHP', ''),
(1122, '78.6', '201601', 'pZqQRRW7PHP', ''),
(1123, '81.2', '201510', 'pZqQRRW7PHP', ''),
(1124, '73.5', '201511', 'pZqQRRW7PHP', ''),
(1125, '25.2', '201509', 'qKzosKQPl6G', ''),
(1126, '21.5', '201507', 'qKzosKQPl6G', ''),
(1127, '14.1', '201508', 'qKzosKQPl6G', ''),
(1128, '8.1', '201505', 'qKzosKQPl6G', ''),
(1129, '11.9', '201506', 'qKzosKQPl6G', ''),
(1130, '12.6', '201503', 'qKzosKQPl6G', ''),
(1131, '11.9', '201504', 'qKzosKQPl6G', ''),
(1132, '13.3', '201512', 'qKzosKQPl6G', ''),
(1133, '33.3', '201601', 'qKzosKQPl6G', ''),
(1134, '1.5', '201510', 'qKzosKQPl6G', ''),
(1135, '17.0', '201511', 'qKzosKQPl6G', ''),
(1136, '2.8', '201505', 'QyGNX2DpR4h', ''),
(1137, '1.4', '201506', 'QyGNX2DpR4h', ''),
(1138, '1.4', '201503', 'QyGNX2DpR4h', ''),
(1139, '1.4', '201504', 'QyGNX2DpR4h', ''),
(1140, '1.4', '201510', 'QyGNX2DpR4h', ''),
(1141, '12.7', '201511', 'QyGNX2DpR4h', ''),
(1142, '94.3', '201509', 'sANMZ3lpqGs', ''),
(1143, '95.7', '201507', 'sANMZ3lpqGs', ''),
(1144, '98.6', '201508', 'sANMZ3lpqGs', ''),
(1145, '91.4', '201505', 'sANMZ3lpqGs', ''),
(1146, '90.0', '201506', 'sANMZ3lpqGs', ''),
(1147, '94.3', '201503', 'sANMZ3lpqGs', ''),
(1148, '85.7', '201504', 'sANMZ3lpqGs', ''),
(1149, '91.4', '201512', 'sANMZ3lpqGs', ''),
(1150, '74.3', '201601', 'sANMZ3lpqGs', ''),
(1151, '94.3', '201510', 'sANMZ3lpqGs', ''),
(1152, '85.7', '201511', 'sANMZ3lpqGs', ''),
(1153, '97.3', '201509', 'sPkRcDvhGWA', ''),
(1154, '94.6', '201507', 'sPkRcDvhGWA', ''),
(1155, '96.6', '201508', 'sPkRcDvhGWA', ''),
(1156, '98.0', '201505', 'sPkRcDvhGWA', ''),
(1157, '98.0', '201506', 'sPkRcDvhGWA', ''),
(1158, '95.9', '201503', 'sPkRcDvhGWA', ''),
(1159, '95.9', '201504', 'sPkRcDvhGWA', ''),
(1160, '88.4', '201512', 'sPkRcDvhGWA', ''),
(1161, '87.8', '201601', 'sPkRcDvhGWA', ''),
(1162, '95.2', '201510', 'sPkRcDvhGWA', ''),
(1163, '98.6', '201511', 'sPkRcDvhGWA', ''),
(1164, '76.7', '201509', 't0J75eHKxz5', ''),
(1165, '54.1', '201507', 't0J75eHKxz5', ''),
(1166, '52.7', '201508', 't0J75eHKxz5', ''),
(1167, '73.3', '201505', 't0J75eHKxz5', ''),
(1168, '76.0', '201506', 't0J75eHKxz5', ''),
(1169, '71.2', '201503', 't0J75eHKxz5', ''),
(1170, '69.9', '201504', 't0J75eHKxz5', ''),
(1171, '50.7', '201512', 't0J75eHKxz5', ''),
(1172, '66.4', '201601', 't0J75eHKxz5', ''),
(1173, '54.1', '201510', 't0J75eHKxz5', ''),
(1174, '52.7', '201511', 't0J75eHKxz5', ''),
(1175, '4.5', '201509', 'T4urHM47nlm', ''),
(1176, '4.5', '201507', 'T4urHM47nlm', ''),
(1177, '7.9', '201508', 'T4urHM47nlm', ''),
(1178, '2.2', '201510', 'T4urHM47nlm', ''),
(1179, '99.4', '201509', 'tAbBVBbueqD', ''),
(1180, '98.2', '201507', 'tAbBVBbueqD', ''),
(1181, '98.8', '201508', 'tAbBVBbueqD', ''),
(1182, '95.8', '201505', 'tAbBVBbueqD', ''),
(1183, '95.8', '201506', 'tAbBVBbueqD', ''),
(1184, '93.3', '201503', 'tAbBVBbueqD', ''),
(1185, '92.7', '201504', 'tAbBVBbueqD', ''),
(1186, '100.0', '201512', 'tAbBVBbueqD', ''),
(1187, '100.0', '201601', 'tAbBVBbueqD', ''),
(1188, '99.4', '201510', 'tAbBVBbueqD', ''),
(1189, '97.0', '201511', 'tAbBVBbueqD', ''),
(1190, '92.2', '201509', 'Tvf1zgVZ0K4', ''),
(1191, '80.0', '201507', 'Tvf1zgVZ0K4', ''),
(1192, '88.9', '201508', 'Tvf1zgVZ0K4', ''),
(1193, '88.9', '201505', 'Tvf1zgVZ0K4', ''),
(1194, '91.1', '201506', 'Tvf1zgVZ0K4', ''),
(1195, '78.9', '201503', 'Tvf1zgVZ0K4', ''),
(1196, '77.8', '201504', 'Tvf1zgVZ0K4', ''),
(1197, '87.8', '201512', 'Tvf1zgVZ0K4', ''),
(1198, '94.4', '201601', 'Tvf1zgVZ0K4', ''),
(1199, '90.0', '201510', 'Tvf1zgVZ0K4', ''),
(1200, '87.8', '201511', 'Tvf1zgVZ0K4', ''),
(1201, '97.6', '201509', 'uepLTG8wGWJ', ''),
(1202, '82.9', '201507', 'uepLTG8wGWJ', ''),
(1203, '93.5', '201508', 'uepLTG8wGWJ', ''),
(1204, '91.9', '201505', 'uepLTG8wGWJ', ''),
(1205, '94.3', '201506', 'uepLTG8wGWJ', ''),
(1206, '93.5', '201503', 'uepLTG8wGWJ', ''),
(1207, '59.3', '201504', 'uepLTG8wGWJ', ''),
(1208, '92.7', '201512', 'uepLTG8wGWJ', ''),
(1209, '91.1', '201601', 'uepLTG8wGWJ', ''),
(1210, '91.1', '201510', 'uepLTG8wGWJ', ''),
(1211, '94.3', '201511', 'uepLTG8wGWJ', ''),
(1212, '18.8', '201509', 'uyOrcHZBpW0', ''),
(1213, '18.8', '201507', 'uyOrcHZBpW0', ''),
(1214, '15.6', '201508', 'uyOrcHZBpW0', ''),
(1215, '9.4', '201505', 'uyOrcHZBpW0', ''),
(1216, '15.6', '201506', 'uyOrcHZBpW0', ''),
(1217, '18.8', '201503', 'uyOrcHZBpW0', ''),
(1218, '15.6', '201504', 'uyOrcHZBpW0', ''),
(1219, '12.5', '201512', 'uyOrcHZBpW0', ''),
(1220, '6.3', '201601', 'uyOrcHZBpW0', ''),
(1221, '12.5', '201510', 'uyOrcHZBpW0', ''),
(1222, '6.3', '201511', 'uyOrcHZBpW0', ''),
(1223, '3.3', '201601', 'vvOK1BxTbet', ''),
(1224, '50.0', '201505', 'xuFdFy6t9AH', ''),
(1225, '75.6', '201509', 'XWALbfAPa6n', ''),
(1226, '46.3', '201507', 'XWALbfAPa6n', ''),
(1227, '70.7', '201508', 'XWALbfAPa6n', ''),
(1228, '61.0', '201505', 'XWALbfAPa6n', ''),
(1229, '78.0', '201506', 'XWALbfAPa6n', ''),
(1230, '68.3', '201503', 'XWALbfAPa6n', ''),
(1231, '68.3', '201504', 'XWALbfAPa6n', ''),
(1232, '68.3', '201512', 'XWALbfAPa6n', ''),
(1233, '48.8', '201601', 'XWALbfAPa6n', ''),
(1234, '70.7', '201510', 'XWALbfAPa6n', ''),
(1235, '68.3', '201511', 'XWALbfAPa6n', ''),
(1236, '63.0', '201509', 'Y52XNJ50hYb', ''),
(1237, '59.1', '201507', 'Y52XNJ50hYb', ''),
(1238, '64.6', '201508', 'Y52XNJ50hYb', ''),
(1239, '52.8', '201505', 'Y52XNJ50hYb', ''),
(1240, '51.2', '201506', 'Y52XNJ50hYb', ''),
(1241, '53.5', '201503', 'Y52XNJ50hYb', ''),
(1242, '52.0', '201504', 'Y52XNJ50hYb', ''),
(1243, '48.8', '201512', 'Y52XNJ50hYb', ''),
(1244, '55.1', '201601', 'Y52XNJ50hYb', ''),
(1245, '30.7', '201510', 'Y52XNJ50hYb', ''),
(1246, '41.7', '201511', 'Y52XNJ50hYb', ''),
(1247, '0.65', '201505', 'yhCUgGcCcOo', ''),
(1248, '0.65', '201504', 'yhCUgGcCcOo', ''),
(1249, '0.65', '201512', 'yhCUgGcCcOo', ''),
(1250, '7.1', '201601', 'yhCUgGcCcOo', '');

-- --------------------------------------------------------

--
-- Table structure for table `county_level_soh`
--

CREATE TABLE IF NOT EXISTS `lab_county_level_soh` (
  `county` varchar(20) NOT NULL,
  `report_period` varchar(20) NOT NULL,
  `commodity` varchar(30) NOT NULL,
  `pack_size` varchar(20) NOT NULL,
  `agg_adj_consumption` varchar(40) NOT NULL,
  `agg_soh` varchar(30) NOT NULL,
  `mos` varchar(20) NOT NULL,
  `zone` varchar(20) NOT NULL
) ENGINE=InnoDB DEFAULT CHARSET=latin1;

-- --------------------------------------------------------

--
-- Table structure for table `current_stock`
--

CREATE TABLE IF NOT EXISTS `lab_current_stock` (
`current_stock_id` int(25) NOT NULL,
  `commodity_id` varchar(255) NOT NULL,
  `quantity_received` int(255) NOT NULL,
  `quantity_issued` int(255) NOT NULL,
  `soh` int(255) NOT NULL,
  `period` varchar(255) NOT NULL
) ENGINE=InnoDB AUTO_INCREMENT=13 DEFAULT CHARSET=latin1;

--
-- Dumping data for table `current_stock`
--

INSERT INTO `lab_current_stock` (`current_stock_id`, `commodity_id`, `quantity_received`, `quantity_issued`, `soh`, `period`) VALUES
(4, 'nNhisoZuTzR', 76, 65, 7, '201512'),
(5, 'iQvswzF7Zcr', 89, 54, 2, '201512'),
(6, 'MnMPmhXaWns', 600, 765, 5, '201509'),
(7, 'THefpTo9qAa', 65, 569, 11, '201510'),
(8, 'REDgTs0CyzY', 65, 67, 6, '201512'),
(9, 'fgGcpHh5Bl6', 543, 432, 9, '201601'),
(10, 'H3PiVz5cdlS', 450, 450, 500, '201508'),
(12, 'UDNKVH14KuC', 600, 800, 700, '201510');

-- --------------------------------------------------------

--
-- Table structure for table `facility_level_data`
--

CREATE TABLE IF NOT EXISTS `lab_facility_level_data` (
`central_drugs_id` int(11) NOT NULL,
  `drug_id` varchar(20) NOT NULL,
  `period` varchar(20) NOT NULL,
  `drug_category_id` varchar(20) NOT NULL,
  `drug_value` varchar(20) NOT NULL,
  `date` varchar(30) NOT NULL
) ENGINE=InnoDB AUTO_INCREMENT=299 DEFAULT CHARSET=latin1;

--
-- Dumping data for table `facility_level_data`
--

INSERT INTO `lab_facility_level_data` (`central_drugs_id`, `drug_id`, `period`, `drug_category_id`, `drug_value`, `date`) VALUES
(121, 'nNhisoZuTzR', '201504', 'EJ8nUfcupBq', '37218.0', ''),
(122, 'H3PiVz5cdlS', '201505', 'sL6cDCzo7h9', '1344.0', ''),
(123, 'UDNKVH14KuC', '201503', 'HMJ9YZLMqo3', '674.0', ''),
(124, 'nNhisoZuTzR', '201503', 'EJ8nUfcupBq', '192682.0', ''),
(125, 'H3PiVz5cdlS', '201503', 'sL6cDCzo7h9', '10190.0', ''),
(126, 'UDNKVH14KuC', '201505', 'HMJ9YZLMqo3', '1.0', ''),
(127, 'H3PiVz5cdlS', '201504', 'sL6cDCzo7h9', '4998.0', ''),
(128, 'nNhisoZuTzR', '201505', 'EJ8nUfcupBq', '72310.0', ''),
(129, 'THefpTo9qAa', '201505', 'HMJ9YZLMqo3', '24.0', ''),
(130, 'H3PiVz5cdlS', '201505', 'MT1UWZvCVUQ', '4275.0', ''),
(131, 'H3PiVz5cdlS', '201504', 'MT1UWZvCVUQ', '7815.0', ''),
(132, 'H3PiVz5cdlS', '201503', 'MT1UWZvCVUQ', '18219.0', ''),
(133, 'THefpTo9qAa', '201504', 'HMJ9YZLMqo3', '150.0', ''),
(134, 'THefpTo9qAa', '201503', 'HMJ9YZLMqo3', '694.0', ''),
(135, 'THefpTo9qAa', '201503', 'MT1UWZvCVUQ', '5590.0', ''),
(136, 'THefpTo9qAa', '201504', 'MT1UWZvCVUQ', '2504.0', ''),
(137, 'THefpTo9qAa', '201505', 'MT1UWZvCVUQ', '1500.0', ''),
(138, 'REDgTs0CyzY', '201504', 'MT1UWZvCVUQ', '2.0', ''),
(139, 'H3PiVz5cdlS', '201503', 'jFOwIS0MEFZ', '347.0', ''),
(140, 'H3PiVz5cdlS', '201504', 'jFOwIS0MEFZ', '196.0', ''),
(141, 'MnMPmhXaWns', '201505', 'v0szLFkFN1L', '7398.0', ''),
(142, 'H3PiVz5cdlS', '201505', 'jFOwIS0MEFZ', '711.0', ''),
(143, 'MnMPmhXaWns', '201504', 'v0szLFkFN1L', '2535.0', ''),
(144, 'MnMPmhXaWns', '201503', 'v0szLFkFN1L', '16111.0', ''),
(145, 'fgGcpHh5Bl6', '201503', 'qrh0ydN5iqx', '5271.0', ''),
(146, 'fgGcpHh5Bl6', '201504', 'qrh0ydN5iqx', '1238.0', ''),
(147, 'nNhisoZuTzR', '201503', 'Kk3atPpSnCh', '5257.0', ''),
(148, 'UDNKVH14KuC', '201505', 'MT1UWZvCVUQ', '100.0', ''),
(149, 'fgGcpHh5Bl6', '201505', 'qrh0ydN5iqx', '526.0', ''),
(150, 'nNhisoZuTzR', '201504', 'Kk3atPpSnCh', '8983.0', ''),
(151, 'UDNKVH14KuC', '201504', 'MT1UWZvCVUQ', '2.0', ''),
(152, 'nNhisoZuTzR', '201505', 'Kk3atPpSnCh', '1164.0', ''),
(153, 'THefpTo9qAa', '201504', 'sL6cDCzo7h9', '10.0', ''),
(154, 'THefpTo9qAa', '201503', 'sL6cDCzo7h9', '106.0', ''),
(155, 'fgGcpHh5Bl6', '201503', 'Kk3atPpSnCh', '1067.0', ''),
(156, 'THefpTo9qAa', '201505', 'v0szLFkFN1L', '165.0', ''),
(157, 'nNhisoZuTzR', '201503', 'jFOwIS0MEFZ', '8950.0', ''),
(158, 'nNhisoZuTzR', '201505', 'jFOwIS0MEFZ', '527.0', ''),
(159, 'nNhisoZuTzR', '201504', 'jFOwIS0MEFZ', '3040.0', ''),
(160, 'fgGcpHh5Bl6', '201505', 'UbFZzGAky0H', '1181.0', ''),
(161, 'fgGcpHh5Bl6', '201504', 'Kk3atPpSnCh', '627.0', ''),
(162, 'fgGcpHh5Bl6', '201505', 'Kk3atPpSnCh', '167.0', ''),
(163, 'iQvswzF7Zcr', '201503', 'v0szLFkFN1L', '4303.0', ''),
(164, 'fgGcpHh5Bl6', '201503', 'UbFZzGAky0H', '6848.0', ''),
(165, 'MnMPmhXaWns', '201503', 'UbFZzGAky0H', '223.0', ''),
(166, 'fgGcpHh5Bl6', '201504', 'UbFZzGAky0H', '3118.0', ''),
(167, 'MnMPmhXaWns', '201504', 'UbFZzGAky0H', '4.0', ''),
(168, 'fgGcpHh5Bl6', '201505', 'jFOwIS0MEFZ', '318.0', ''),
(169, 'fgGcpHh5Bl6', '201504', 'jFOwIS0MEFZ', '236.0', ''),
(170, 'iQvswzF7Zcr', '201503', 'LDmTsQdoXs5', '30.0', ''),
(171, 'fgGcpHh5Bl6', '201503', 'jFOwIS0MEFZ', '2739.0', ''),
(172, 'THefpTo9qAa', '201504', 'jFOwIS0MEFZ', '15.0', ''),
(173, 'THefpTo9qAa', '201503', 'jFOwIS0MEFZ', '31.0', ''),
(174, 'nNhisoZuTzR', '201503', 'HMJ9YZLMqo3', '327724.0', ''),
(175, 'nNhisoZuTzR', '201505', 'MT1UWZvCVUQ', '148963.0', ''),
(176, 'nNhisoZuTzR', '201504', 'HMJ9YZLMqo3', '122274.0', ''),
(177, 'nNhisoZuTzR', '201505', 'HMJ9YZLMqo3', '49777.0', ''),
(178, 'nNhisoZuTzR', '201504', 'MT1UWZvCVUQ', '313751.0', ''),
(179, 'nNhisoZuTzR', '201503', 'MT1UWZvCVUQ', '687931.0', ''),
(180, 'MnMPmhXaWns', '201504', 'MT1UWZvCVUQ', '5214.0', ''),
(181, 'MnMPmhXaWns', '201503', 'MT1UWZvCVUQ', '20634.0', ''),
(182, 'MnMPmhXaWns', '201505', 'MT1UWZvCVUQ', '7391.0', ''),
(183, 'fgGcpHh5Bl6', '201503', 'LDmTsQdoXs5', '13970.0', ''),
(184, 'nNhisoZuTzR', '201504', 'sL6cDCzo7h9', '40911.0', ''),
(185, 'MnMPmhXaWns', '201503', 'Kk3atPpSnCh', '363.0', ''),
(186, 'MnMPmhXaWns', '201505', 'HMJ9YZLMqo3', '2599.0', ''),
(187, 'nNhisoZuTzR', '201505', 'sL6cDCzo7h9', '8645.0', ''),
(188, 'MnMPmhXaWns', '201503', 'HMJ9YZLMqo3', '6443.0', ''),
(189, 'MnMPmhXaWns', '201505', 'Kk3atPpSnCh', '30.0', ''),
(190, 'nNhisoZuTzR', '201503', 'sL6cDCzo7h9', '96004.0', ''),
(191, 'MnMPmhXaWns', '201504', 'HMJ9YZLMqo3', '1052.0', ''),
(192, 'MnMPmhXaWns', '201504', 'Kk3atPpSnCh', '522.0', ''),
(193, 'THefpTo9qAa', '201504', 'LDmTsQdoXs5', '273.0', ''),
(194, 'THefpTo9qAa', '201503', 'EJ8nUfcupBq', '306.0', ''),
(195, 'fgGcpHh5Bl6', '201505', 'EJ8nUfcupBq', '5384.0', ''),
(196, 'THefpTo9qAa', '201505', 'LDmTsQdoXs5', '15.0', ''),
(197, 'THefpTo9qAa', '201504', 'EJ8nUfcupBq', '65.0', ''),
(198, 'MnMPmhXaWns', '201503', 'sL6cDCzo7h9', '1897.0', ''),
(199, 'fgGcpHh5Bl6', '201504', 'EJ8nUfcupBq', '2844.0', ''),
(200, 'fgGcpHh5Bl6', '201505', 'LDmTsQdoXs5', '1375.0', ''),
(201, 'MnMPmhXaWns', '201504', 'sL6cDCzo7h9', '448.0', ''),
(202, 'fgGcpHh5Bl6', '201504', 'LDmTsQdoXs5', '4520.0', ''),
(203, 'fgGcpHh5Bl6', '201503', 'EJ8nUfcupBq', '14616.0', ''),
(204, 'MnMPmhXaWns', '201505', 'sL6cDCzo7h9', '2566.0', ''),
(205, 'UDNKVH14KuC', '201505', 'v0szLFkFN1L', '37.0', ''),
(206, 'UDNKVH14KuC', '201503', 'v0szLFkFN1L', '2071.0', ''),
(207, 'THefpTo9qAa', '201503', 'LDmTsQdoXs5', '711.0', ''),
(208, 'iQvswzF7Zcr', '201503', 'EJ8nUfcupBq', '30.0', ''),
(209, 'UDNKVH14KuC', '201503', 'ZxUQw1ay1cw', '1397.0', ''),
(210, 'H3PiVz5cdlS', '201505', 'EJ8nUfcupBq', '1926.0', ''),
(211, 'H3PiVz5cdlS', '201504', 'EJ8nUfcupBq', '1069.0', ''),
(212, 'nNhisoZuTzR', '201505', 'ZxUQw1ay1cw', '158066.0', ''),
(213, 'H3PiVz5cdlS', '201503', 'EJ8nUfcupBq', '4808.0', ''),
(214, 'MnMPmhXaWns', '201503', 'ZxUQw1ay1cw', '16871.0', ''),
(215, 'MnMPmhXaWns', '201504', 'ZxUQw1ay1cw', '3987.0', ''),
(216, 'nNhisoZuTzR', '201503', 'ZxUQw1ay1cw', '1234648.0', ''),
(217, 'MnMPmhXaWns', '201505', 'ZxUQw1ay1cw', '5465.0', ''),
(218, 'nNhisoZuTzR', '201504', 'ZxUQw1ay1cw', '565914.0', ''),
(219, 'UDNKVH14KuC', '201505', 'ZxUQw1ay1cw', '36.0', ''),
(220, 'fgGcpHh5Bl6', '201505', 'HMJ9YZLMqo3', '1492.0', ''),
(221, 'H3PiVz5cdlS', '201504', 'ZxUQw1ay1cw', '27870.0', ''),
(222, 'H3PiVz5cdlS', '201505', 'ZxUQw1ay1cw', '9224.0', ''),
(223, 'H3PiVz5cdlS', '201503', 'ZxUQw1ay1cw', '68433.0', ''),
(224, 'H3PiVz5cdlS', '201505', 'LDmTsQdoXs5', '229.0', ''),
(225, 'MnMPmhXaWns', '201505', 'EJ8nUfcupBq', '2392.0', ''),
(226, 'fgGcpHh5Bl6', '201503', 'HMJ9YZLMqo3', '14707.0', ''),
(227, 'H3PiVz5cdlS', '201504', 'LDmTsQdoXs5', '1059.0', ''),
(228, 'fgGcpHh5Bl6', '201504', 'HMJ9YZLMqo3', '4561.0', ''),
(229, 'H3PiVz5cdlS', '201503', 'LDmTsQdoXs5', '3167.0', ''),
(230, 'H3PiVz5cdlS', '201503', 'qrh0ydN5iqx', '1749.0', ''),
(231, 'H3PiVz5cdlS', '201504', 'qrh0ydN5iqx', '295.0', ''),
(232, 'MnMPmhXaWns', '201504', 'EJ8nUfcupBq', '1900.0', ''),
(233, 'H3PiVz5cdlS', '201505', 'qrh0ydN5iqx', '108.0', ''),
(234, 'MnMPmhXaWns', '201503', 'EJ8nUfcupBq', '4690.0', ''),
(235, 'nNhisoZuTzR', '201505', 'v0szLFkFN1L', '135597.0', ''),
(236, 'H3PiVz5cdlS', '201504', 'UbFZzGAky0H', '600.0', ''),
(237, 'H3PiVz5cdlS', '201505', 'UbFZzGAky0H', '584.0', ''),
(238, 'nNhisoZuTzR', '201503', 'v0szLFkFN1L', '1412697.0', ''),
(239, 'nNhisoZuTzR', '201504', 'v0szLFkFN1L', '511898.0', ''),
(240, 'H3PiVz5cdlS', '201503', 'UbFZzGAky0H', '2547.0', ''),
(241, 'REDgTs0CyzY', '201503', 'ZxUQw1ay1cw', '586.0', ''),
(242, 'fgGcpHh5Bl6', '201504', 'MT1UWZvCVUQ', '16979.0', ''),
(243, 'fgGcpHh5Bl6', '201503', 'MT1UWZvCVUQ', '59441.0', ''),
(244, 'THefpTo9qAa', '201504', 'qrh0ydN5iqx', '25.0', ''),
(245, 'THefpTo9qAa', '201503', 'qrh0ydN5iqx', '90.0', ''),
(246, 'fgGcpHh5Bl6', '201503', 'sL6cDCzo7h9', '17238.0', ''),
(247, 'THefpTo9qAa', '201505', 'Kk3atPpSnCh', '30.0', ''),
(248, 'THefpTo9qAa', '201504', 'Kk3atPpSnCh', '120.0', ''),
(249, 'fgGcpHh5Bl6', '201504', 'v0szLFkFN1L', '90429.0', ''),
(250, 'fgGcpHh5Bl6', '201503', 'v0szLFkFN1L', '229499.0', ''),
(251, 'fgGcpHh5Bl6', '201505', 'v0szLFkFN1L', '26572.0', ''),
(252, 'fgGcpHh5Bl6', '201504', 'sL6cDCzo7h9', '7581.0', ''),
(253, 'THefpTo9qAa', '201503', 'Kk3atPpSnCh', '539.0', ''),
(254, 'fgGcpHh5Bl6', '201505', 'sL6cDCzo7h9', '2702.0', ''),
(255, 'THefpTo9qAa', '201504', 'UbFZzGAky0H', '62.0', ''),
(256, 'THefpTo9qAa', '201503', 'UbFZzGAky0H', '223.0', ''),
(257, 'H3PiVz5cdlS', '201503', 'v0szLFkFN1L', '75077.0', ''),
(258, 'nNhisoZuTzR', '201504', 'UbFZzGAky0H', '29411.0', ''),
(259, 'H3PiVz5cdlS', '201505', 'v0szLFkFN1L', '9143.0', ''),
(260, 'MnMPmhXaWns', '201504', 'jFOwIS0MEFZ', '8.0', ''),
(261, 'nNhisoZuTzR', '201503', 'UbFZzGAky0H', '67867.0', ''),
(262, 'H3PiVz5cdlS', '201504', 'v0szLFkFN1L', '29420.0', ''),
(263, 'MnMPmhXaWns', '201505', 'jFOwIS0MEFZ', '46.0', ''),
(264, 'MnMPmhXaWns', '201503', 'jFOwIS0MEFZ', '41.0', ''),
(265, 'H3PiVz5cdlS', '201505', 'Kk3atPpSnCh', '224.0', ''),
(266, 'H3PiVz5cdlS', '201504', 'Kk3atPpSnCh', '560.0', ''),
(267, 'nNhisoZuTzR', '201505', 'UbFZzGAky0H', '9306.0', ''),
(268, 'H3PiVz5cdlS', '201503', 'Kk3atPpSnCh', '1049.0', ''),
(269, 'iQvswzF7Zcr', '201503', 'ZxUQw1ay1cw', '4291.0', ''),
(270, 'REDgTs0CyzY', '201503', 'v0szLFkFN1L', '586.0', ''),
(271, 'THefpTo9qAa', '201504', 'v0szLFkFN1L', '954.0', ''),
(272, 'THefpTo9qAa', '201503', 'v0szLFkFN1L', '1890.0', ''),
(273, 'nNhisoZuTzR', '201503', 'qrh0ydN5iqx', '78308.0', ''),
(274, 'nNhisoZuTzR', '201504', 'qrh0ydN5iqx', '21618.0', ''),
(275, 'nNhisoZuTzR', '201505', 'qrh0ydN5iqx', '9552.0', ''),
(276, 'nNhisoZuTzR', '201505', 'LDmTsQdoXs5', '46899.0', ''),
(277, 'fgGcpHh5Bl6', '201505', 'ZxUQw1ay1cw', '28173.0', ''),
(278, 'nNhisoZuTzR', '201504', 'LDmTsQdoXs5', '122217.0', ''),
(279, 'fgGcpHh5Bl6', '201503', 'ZxUQw1ay1cw', '219346.0', ''),
(280, 'nNhisoZuTzR', '201503', 'LDmTsQdoXs5', '324459.0', ''),
(281, 'MnMPmhXaWns', '201505', 'qrh0ydN5iqx', '500.0', ''),
(282, 'fgGcpHh5Bl6', '201504', 'ZxUQw1ay1cw', '85105.0', ''),
(283, 'THefpTo9qAa', '201505', 'ZxUQw1ay1cw', '141.0', ''),
(284, 'THefpTo9qAa', '201504', 'ZxUQw1ay1cw', '618.0', ''),
(285, 'fgGcpHh5Bl6', '201505', 'MT1UWZvCVUQ', '8570.0', ''),
(286, 'THefpTo9qAa', '201503', 'ZxUQw1ay1cw', '1349.0', ''),
(287, 'iQvswzF7Zcr', '201503', 'HMJ9YZLMqo3', '30.0', ''),
(288, 'MnMPmhXaWns', '201503', 'qrh0ydN5iqx', '2847.0', ''),
(289, 'MnMPmhXaWns', '201504', 'qrh0ydN5iqx', '561.0', ''),
(290, 'MnMPmhXaWns', '201503', 'LDmTsQdoXs5', '6644.0', ''),
(291, 'MnMPmhXaWns', '201504', 'LDmTsQdoXs5', '1062.0', ''),
(292, 'MnMPmhXaWns', '201505', 'LDmTsQdoXs5', '2603.0', ''),
(293, 'UDNKVH14KuC', '201505', 'LDmTsQdoXs5', '1.0', ''),
(294, 'UDNKVH14KuC', '201503', 'LDmTsQdoXs5', '674.0', ''),
(295, 'H3PiVz5cdlS', '201504', 'HMJ9YZLMqo3', '976.0', ''),
(296, 'H3PiVz5cdlS', '201505', 'HMJ9YZLMqo3', '331.0', ''),
(297, 'H3PiVz5cdlS', '201503', 'HMJ9YZLMqo3', '3442.0', ''),
(298, 'iQvswzF7Zcr', '201504', 'MT1UWZvCVUQ', '2.0', '');

-- --------------------------------------------------------

--
-- Table structure for table `facility_level_reporting_rates`
--

CREATE TABLE IF NOT EXISTS `lab_facility_level_reporting_rates` (
`reporting_rate_id` int(11) NOT NULL,
  `reporting_rate_value` varchar(10) NOT NULL,
  `period` varchar(10) NOT NULL,
  `date` datetime NOT NULL DEFAULT CURRENT_TIMESTAMP
) ENGINE=InnoDB AUTO_INCREMENT=46 DEFAULT CHARSET=latin1;

--
-- Dumping data for table `facility_level_reporting_rates`
--

INSERT INTO `lab_facility_level_reporting_rates` (`reporting_rate_id`, `reporting_rate_value`, `period`, `date`) VALUES
(35, '48.6', '201509', '2016-02-16 09:28:27'),
(36, '44.2', '201507', '2016-02-16 09:28:27'),
(37, '44.2', '201508', '2016-02-16 09:28:27'),
(38, '43.4', '201505', '2016-02-16 09:28:27'),
(39, '43.3', '201506', '2016-02-16 09:28:27'),
(40, '40.3', '201503', '2016-02-16 09:28:27'),
(41, '39.8', '201504', '2016-02-16 09:28:27'),
(42, '46.3', '201512', '2016-02-16 09:28:27'),
(43, '45.5', '201601', '2016-02-16 09:28:27'),
(44, '45.4', '201510', '2016-02-16 09:28:27'),
(45, '44.2', '201511', '2016-02-16 09:28:28');

-- --------------------------------------------------------

--
-- Table structure for table `facility_level_soh`
--

CREATE TABLE IF NOT EXISTS `lab_facility_level_soh` (
  `period` varchar(10) NOT NULL,
  `commodity_name` varchar(30) NOT NULL,
  `pack_size` varchar(20) NOT NULL,
  `agg_adj_consumption` varchar(30) NOT NULL,
  `agg_soh` varchar(40) NOT NULL,
  `mos` varchar(20) NOT NULL,
  `zone` varchar(30) NOT NULL
) ENGINE=InnoDB DEFAULT CHARSET=latin1;

-- --------------------------------------------------------

--
-- Table structure for table `funding_agencies`
--

CREATE TABLE IF NOT EXISTS `funding_agencies` (
`funding_agency_id` int(25) NOT NULL,
  `funding_agency_name` varchar(60) NOT NULL,
  `comment` varchar(100) NOT NULL COMMENT 'PMI, Global Fund, UNITAID, GoK'
) ENGINE=InnoDB AUTO_INCREMENT=14 DEFAULT CHARSET=latin1;

--
-- Dumping data for table `funding_agencies`
--

INSERT INTO `funding_agencies` (`funding_agency_id`, `funding_agency_name`, `comment`) VALUES
(1, 'PMI', 'this is one of the main donors'),
(2, 'USaid', 'From the American people'),
(4, 'Global Fund', 'A partner of choice'),
(5, 'IPCA (PMI)', 'main  donors'),
(6, 'Norvatis (PMI)', 'Another donor'),
(13, 'Ukaid', 'From the queen''s people');

-- --------------------------------------------------------

--
-- Table structure for table `Laboratory_commodities`
--

CREATE TABLE IF NOT EXISTS `lab_commodities` (
  `commodity_id` varchar(25) NOT NULL,
  `commodity_name` varchar(60) NOT NULL,
  `alt_name` varchar(255) NOT NULL,
  `unit_of_measure` varchar(15) NOT NULL,
  `commodity_description` varchar(100) NOT NULL
) ENGINE=InnoDB DEFAULT CHARSET=latin1;

--
-- Dumping data for table `malaria_commodities`
--

INSERT INTO `lab_commodities` (`commodity_id`, `commodity_name`, `alt_name`, `unit_of_measure`, `commodity_description`) VALUES
('fgGcpHh5Bl6', 'Rapid HIV 1+2 Test 2 - Confirmatory', '', '', ''),
('H3PiVz5cdlS', 'Rapid HIV 1+ 2 Test 3 - Tiebreakera', '', '', ''),
('iQvswzF7Zcr', 'ELISA HIV & AIDS 1+2 Test (Vironostika)', '', '', ''),
('MnMPmhXaWns', 'Rapid Syphillis Test (RPR)', '', '', ''),
('nNhisoZuTzR', 'Rapid HIV 1+2 Test 1 - Screening', '', '', ''),
('REDgTs0CyzY', 'ELISA HIV & AIDS 1+2 Test (Murex HIV)', '', '', ''),
('THefpTo9qAa', 'Hepatitis B (ELISA) Test (Hepanostika)', '', '', ''),
('UDNKVH14KuC', 'Hepatitis C (ELISA) Test (Murex HCV)', '', '', '');

-- --------------------------------------------------------

--
-- Table structure for table `mapping_drugs_category`
--

CREATE TABLE IF NOT EXISTS `lab_mapping_drugs_category` (
`mapping_drugs_category` int(11) NOT NULL,
  `mapping_id` varchar(20) NOT NULL,
  `mapping_name` varchar(50) NOT NULL
) ENGINE=InnoDB AUTO_INCREMENT=97 DEFAULT CHARSET=latin1;

--
-- Dumping data for table `mapping_drugs_category`
--

INSERT INTO `lab_mapping_drugs_category` (`mapping_drugs_category`, `mapping_id`, `mapping_name`) VALUES
(1, 'MnMPmhXaWns', 'Rapid Syphillis Test (RPR)'),
(2, 'tc0zBZANhN6', '(Max MOS (Programme))'),
(3, 'MT1UWZvCVUQ', '(Quantity Required For RESUPPLY)'),
(4, 'DfsIdc7E5s8', '(Min MOS (Lower Level Facility))'),
(5, 'cs0DtzXmtND', '(Min MOS (Central))'),
(6, 'NqOszsgLEZB', '(6-Month MOS (Facility))'),
(7, '201510', 'October 2015'),
(8, 'XUiEwtitoEK', '(Pending With Suppliers 3-Month MOS)'),
(9, 'fgGcpHh5Bl6', 'Rapid HIV 1+2 Test 2 - Confirmatory'),
(10, '201512', 'December 2015'),
(11, 'Mhgam0DV7Yj', '(Issues MOS 6-Month)'),
(12, '201511', 'November 2015'),
(13, 'dx', 'Data'),
(14, 'erQil2tFova', '(Transfers OUT (Central))'),
(15, 'w8Vt8ZVGrlo', '(6-Month AVG Adjusted Consumption)'),
(16, 'qb0pIkRVoDV', '(6-Month MOS (Sub-County))'),
(17, 'SeNmwcHNUKO', '(Max MOS (Lower Level Facility))'),
(18, 'DRBaPtb6Pz0', '(6-Month AMI (Central))'),
(19, 'wHcnBEqTrnh', '(6_MONTH_MOS_FACILITY_CENTRAL)'),
(20, 'QcZYnwHhzVY', '(SOH This Month (Central))'),
(21, 'MrZ5H2nrtIg', '(Desired MOS (Programme))'),
(22, 'HfVjCurKxh2', 'Kenya'),
(23, 'meEggI6d49G', '(3-Month MOS (Facility))'),
(24, '201602', 'February 2016'),
(25, 'bdDlciuWU4A', '(6-Month MOS (Central))'),
(26, '201601', 'January 2016'),
(27, 'RO42go9yXKN', '(Pending With Suppliers 12-Month MOS)'),
(28, 'jFOwIS0MEFZ', '(Losses (damages, expiries, missing))'),
(29, 'JBCca5P0xDq', '(Desired MOS (Lower Level Facility))'),
(30, 'S9CzW6unL9Q', '(6-Month MOS (County))'),
(31, 'REDgTs0CyzY', 'ELISA HIV & AIDS 1+2 Test (Murex HIV)'),
(32, 'E83XfdIsNqM', '(Issues (USD))'),
(33, 'TEfvbLLklNV', '(Reorder Level MOS (Lower Level Facility))'),
(34, 'i52vW6Y5V9F', '(Issues MOS 3-Month)'),
(35, 'UDNKVH14KuC', 'Hepatitis C (ELISA) Test (Murex HCV)'),
(36, 'awf0xVke7sO', '(Receipts (Central))'),
(37, 'LoGTipnznNV', '(12-Month MOS (Facility))'),
(38, 'v0szLFkFN1L', '(Beginning Balance)'),
(39, 'SRh6vOk738P', '(12-Month MOS (County))'),
(40, 'FxITBCv2QDn', '(CENTRAL_MOS_3_MONTH_OVERALL)'),
(41, 'zZwyURnbL8B', '(Pending With Suppliers 6-Month MOS)'),
(42, 'H3PiVz5cdlS', 'Rapid HIV 1+ 2 Test 3 - Tiebreakera'),
(43, 'seCnBMbVsgY', '(Projected Consumption (Central))'),
(44, 'DMd1TU2WVh2', '(Transfers IN (Central))'),
(45, 'Kk3atPpSnCh', '(Days out of stock this Month)'),
(46, 'zTwNKhyQy45', '(Pending With Suppliers Overall 12 Month MOS (Cent'),
(47, 'qTNc041KJcJ', '(3-Month MOS (Central))'),
(48, 'nqJFIGpPtG4', '(Comments (Central))'),
(49, 'f9ZA28ZzUiz', '(Pending with Suppliers (Central))'),
(50, 'aMwaN3tnJ2i', '(12_MONTH_MOS_FACILITY_CENTRAL)'),
(51, 'IVcwfQGtaij', '(Adjusted Consumption)'),
(52, 'Sr7Irs3xKya', '(Forecasted Consumption)'),
(53, 'upe6pVs9dRK', '(CENTRAL_MOS_6_MONTH_OVERALL)'),
(54, 't2EN6Nyd7hW', '(3-Month MOS (Sub-County))'),
(55, 'qP5zW0ShlDG', '(12-Month MOS (Central))'),
(56, 'G038Gh43ixH', '(12-Month AVG Adjusted Consumption)'),
(57, 'zVL5GotA3Hv', '(3_MONTH_MOS_FACILITY_CENTRAL)'),
(58, 'b8oRHOwweIk', '(3-Month AVG Adjusted Consumption)'),
(59, 'HXhFTNMI0hj', '(Issues (KES))'),
(60, 'sL6cDCzo7h9', '(Quantity expiring in less than 6 months)'),
(61, 'nNhisoZuTzR', 'Rapid HIV 1+2 Test 1 - Screening'),
(62, 'THefpTo9qAa', 'Hepatitis B (ELISA) Test (Hepanostika)'),
(63, 'e29sN4DFZQQ', '(Desired MOS (Central))'),
(64, 'cagqLoVmwBE', '(CENTRAL_MOS_12_MONTH_OVERALL)'),
(65, 'qrh0ydN5iqx', '(Positive Adjustment (Receipt from other HF))'),
(66, 'eX5q19OhmAL', '(VARIANCE)'),
(67, 'EJ8nUfcupBq', '(Quantity Received this period.)'),
(68, '201507', 'July 2015'),
(69, 'ZxUQw1ay1cw', '(Physical Count.)'),
(70, '201506', 'June 2015'),
(71, 'QLOcTVHMWDi', '(3-Month MOS (County))'),
(72, '201509', 'September 2015'),
(73, 'ou', 'Organisation unit'),
(74, 'HmuodVnIqBd', '(12 Month AMI (Central))'),
(75, 'gFMGnHMdXGj', '(SOH Last Month (Central))'),
(76, '201508', 'August 2015'),
(77, '201503', 'March 2015'),
(78, '201505', 'May 2015'),
(79, 'UbFZzGAky0H', '(Negative Adjustment (Issued to Other HF))'),
(80, '201504', 'April 2015'),
(81, 'co', 'Category option combo'),
(82, 'i5UivONfMPG', '(Price (KES))'),
(83, 'cdel9zNLWpQ', '(Price (USD))'),
(84, 'NwNtTAcTENk', '(12-Month MOS (Sub-County))'),
(85, 'dJHgd707fid', '(Issues MOS 12-Month)'),
(86, 'vRQ98YOsIMC', '(Min MOS (Programme))'),
(87, 'pe', 'Period'),
(88, 'LDmTsQdoXs5', '(Number of Tests done)'),
(89, 'iQvswzF7Zcr', 'ELISA HIV & AIDS 1+2 Test (Vironostika)'),
(90, 'BbQyaJhY0lV', '(Reorder Level MOS (Central))'),
(91, 'V6pq2t8Tn7C', '(Max MOS (Central))'),
(92, 'Y0mpUhXPugW', '(3-Month AMI (Central))'),
(93, 'u2aJaz8BizN', '(Pending With Suppliers Overall 3 Month MOS (Centr'),
(94, 'HMJ9YZLMqo3', '(Quantity Used)'),
(95, 'MsET3v0B6hA', '(Pending With Suppliers Overall 6 Month MOS (Centr'),
(96, 'DH8Cqw0UN01', '(Issues (Central))');

-- --------------------------------------------------------

--
-- Table structure for table `mos_color_codes`
--

CREATE TABLE IF NOT EXISTS `mos_color_codes` (
  `color_id` int(11) NOT NULL,
  `color` varchar(60) NOT NULL,
  `description` varchar(200) NOT NULL
) ENGINE=InnoDB DEFAULT CHARSET=latin1;

--
-- Dumping data for table `mos_color_codes`
--

INSERT INTO `mos_color_codes` (`color_id`, `color`, `description`) VALUES
(1, 'red', ''),
(2, 'green', ''),
(3, 'orange', ''),
(4, 'yellow', '');

-- --------------------------------------------------------

--
-- Table structure for table `pending_shipment_details`
--

CREATE TABLE IF NOT EXISTS `lab_pending_shipment_details` (
`pending_shipment_id` int(25) NOT NULL,
  `period` int(10) NOT NULL,
  `commodity_id` varchar(25) NOT NULL,
  `funding_agency_id` int(25) NOT NULL,
  `quantity` varchar(25) NOT NULL,
  `expected_time_of_arrival` date NOT NULL,
  `comments` varchar(100) NOT NULL,
  `transaction_status` varchar(20) NOT NULL DEFAULT 'pending',
  `unit_of_measure` varchar(15) NOT NULL
) ENGINE=InnoDB AUTO_INCREMENT=23 DEFAULT CHARSET=latin1;

--
-- Dumping data for table `pending_shipment_details`
--

INSERT INTO `lab_pending_shipment_details` (`pending_shipment_id`, `period`, `commodity_id`, `funding_agency_id`, `quantity`, `expected_time_of_arrival`, `comments`, `transaction_status`, `unit_of_measure`) VALUES
(14, 201511, 'nNhisoZuTzR', 1, '150', '2015-11-30', 'brief', 'pending', ''),
(15, 201501, 'fgGcpHh5Bl6', 4, '700', '2016-01-01', 'brief', 'received', ''),
(16, 201510, 'H3PiVz5cdlS', 6, '7800', '2015-07-31', 'just another shipment', 'pending', ''),
(17, 201510, 'THefpTo9qAa', 6, '9000', '2015-09-30', 'test data', 'pending', ''),
(19, 201612, 'UDNKVH14KuC', 5, '6000', '2015-07-28', 'mmmh!', 'pending', ''),
(20, 201701, 'iQvswzF7Zcr', 13, '2200', '2016-03-22', 'ghai!', 'pending', ''),
(21, 201702, 'REDgTs0CyzY', 5, '3000', '2015-12-29', 'kama wewe unajipenda', 'pending', ''),
(22, 201511, 'MnMPmhXaWns', 1, '4500', '2015-09-07', 'mikono juu', 'pending', '');

-- --------------------------------------------------------

--
-- Table structure for table `planned_procurement_details`
--

CREATE TABLE IF NOT EXISTS `lab_planned_procurement_details` (
`planned_procurement_id` int(11) NOT NULL,
  `commodity_id` varchar(25) NOT NULL,
  `unit_of_measure` varchar(15) NOT NULL,
  `quantity` varchar(25) NOT NULL,
  `planned_delivery_date` varchar(15) NOT NULL,
  `funding_agency_id` int(25) NOT NULL,
  `comment` varchar(100) NOT NULL
) ENGINE=InnoDB AUTO_INCREMENT=5 DEFAULT CHARSET=latin1;

--
-- Dumping data for table `planned_procurement_details`
--

INSERT INTO `lab_planned_procurement_details` (`planned_procurement_id`, `commodity_id`, `unit_of_measure`, `quantity`, `planned_delivery_date`, `funding_agency_id`, `comment`) VALUES
(1, 'BnGDrFwyQp9', '', '4443', '2015-09-09', 1, 's'),
(2, 'BnGDrFwyQp9', '', '8709860', '2015-09-07', 4, 'fast'),
(3, 'BnGDrFwyQp9', '5', '796860', '2015-09-05', 6, 's'),
(4, 'BnGDrFwyQp9', '56', '8709860', '2015-09-23', 1, 'me');

-- --------------------------------------------------------

--
-- Table structure for table `supply_chain_agencies`
--

CREATE TABLE IF NOT EXISTS `supply_chain_agencies` (
`supply_chain_agency_id` int(5) NOT NULL,
  `supply_chain_agency` varchar(60) NOT NULL,
  `contact_person` varchar(30) NOT NULL,
  `email` varchar(30) NOT NULL,
  `contact_phone` int(55) NOT NULL,
  `comment` varchar(1000) NOT NULL
) ENGINE=InnoDB AUTO_INCREMENT=33 DEFAULT CHARSET=latin1;

--
-- Dumping data for table `supply_chain_agencies`
--

INSERT INTO `supply_chain_agencies` (`supply_chain_agency_id`, `supply_chain_agency`, `contact_person`, `email`, `contact_phone`, `comment`) VALUES
(4, 'CHAI', 'Mary', 'enockoloo6@gmail.com', 720646080, 'chai main contact person'),
(32, 'KEMSA', 'patrick nk', 'root@msh.com', 724441239, 'kemsa contact person');

-- --------------------------------------------------------

--
-- Table structure for table `user_table`
--

CREATE TABLE IF NOT EXISTS `user_table` (
`user_id` int(10) NOT NULL,
  `password` varchar(255) NOT NULL,
  `names` varchar(255) NOT NULL,
  `email` varchar(70) NOT NULL,
  `national_id` varchar(255) NOT NULL,
  `phone_number` varchar(255) NOT NULL,
  `role` int(1) NOT NULL DEFAULT '0'
) ENGINE=InnoDB AUTO_INCREMENT=10 DEFAULT CHARSET=latin1;

--
-- Dumping data for table `user_table`
--

INSERT INTO `user_table` (`user_id`, `password`, `names`, `email`, `national_id`, `phone_number`, `role`) VALUES
(8, '63a9f0ea7bb98050796b649e85481845', 'default user ', 'root@msh.com', '29364156', '0722167368', -1),
(9, '63a9f0ea7bb98050796b649e85481845', 'user2', 'user1@msh.com', '25685324', '0722167368', 0);

-- --------------------------------------------------------

--
-- Table structure for table `zones`
--

CREATE TABLE IF NOT EXISTS `zones` (
  `zone` varchar(30) NOT NULL,
  `comment` varchar(100) NOT NULL,
`zone_id` int(11) NOT NULL
) ENGINE=InnoDB AUTO_INCREMENT=5 DEFAULT CHARSET=latin1;

--
-- Dumping data for table `zones`
--

INSERT INTO `zones` (`zone`, `comment`, `zone_id`) VALUES
('Arid/Seasonal', '', 1),
('Epidemic', '', 2),
('Endemic', '', 3),
('Low risk', '', 4);

--
-- Indexes for dumped tables
--

--
-- Indexes for table `central_level_data`
--
ALTER TABLE `lab_central_level_data`
 ADD PRIMARY KEY (`central_level_stock_id`), ADD KEY `supply_agency_id` (`supply_agency_id`), ADD KEY `commodity_id` (`commodity_id`), ADD KEY `funding_agency_id` (`funding_agency_id`);

--
-- Indexes for table `ci_sessions`
--
ALTER TABLE `ci_sessions`
 ADD PRIMARY KEY (`session_id`), ADD KEY `last_activity_idx` (`last_activity`);

--
-- Indexes for table `commodity_forecast_data`
--
ALTER TABLE `lab_commodity_forecast_data`
 ADD PRIMARY KEY (`commodity_forecast_data_id`), ADD KEY `commodity_id` (`commodity_id`), ADD KEY `commodity_id_2` (`commodity_id`);

--
-- Indexes for table `counties`
--
ALTER TABLE `counties`
 ADD PRIMARY KEY (`county_id`), ADD KEY `county_id` (`county_id`);

--
-- Indexes for table `county_level_data`
--
ALTER TABLE `lab_county_level_data`
 ADD PRIMARY KEY (`county_drugs_id`), ADD KEY `county_id` (`county_id`);

--
-- Indexes for table `county_level_reporting_rates`
--
ALTER TABLE `lab_county_level_reporting_rates`
 ADD PRIMARY KEY (`reporting_rate_id`);

--
-- Indexes for table `current_stock`
--
ALTER TABLE `lab_current_stock`
 ADD PRIMARY KEY (`current_stock_id`);

--
-- Indexes for table `facility_level_data`
--
ALTER TABLE `lab_facility_level_data`
 ADD PRIMARY KEY (`central_drugs_id`);

--
-- Indexes for table `facility_level_reporting_rates`
--
ALTER TABLE `lab_facility_level_reporting_rates`
 ADD PRIMARY KEY (`reporting_rate_id`);

--
-- Indexes for table `funding_agencies`
--
ALTER TABLE `funding_agencies`
 ADD PRIMARY KEY (`funding_agency_id`);

--
-- Indexes for table `Lab_commodities`
--
ALTER TABLE `lab_commodities`
 ADD PRIMARY KEY (`commodity_id`), ADD KEY `pack_size` (`unit_of_measure`);

--
-- Indexes for table `mapping_drugs_category`
--
ALTER TABLE `lab_mapping_drugs_category`
 ADD PRIMARY KEY (`mapping_drugs_category`);

--
-- Indexes for table `pending_shipment_details`
--
ALTER TABLE `lab_pending_shipment_details`
 ADD PRIMARY KEY (`pending_shipment_id`), ADD KEY `commodity_id` (`commodity_id`), ADD KEY `funding_agency_id` (`funding_agency_id`);

--
-- Indexes for table `planned_procurement_details`
--
ALTER TABLE `lab_planned_procurement_details`
 ADD PRIMARY KEY (`planned_procurement_id`);

--
-- Indexes for table `supply_chain_agencies`
--
ALTER TABLE `supply_chain_agencies`
 ADD PRIMARY KEY (`supply_chain_agency_id`);

--
-- Indexes for table `user_table`
--
ALTER TABLE `user_table`
 ADD PRIMARY KEY (`user_id`), ADD UNIQUE KEY `email` (`email`), ADD UNIQUE KEY `national_id` (`national_id`);

--
-- Indexes for table `zones`
--
ALTER TABLE `zones`
 ADD PRIMARY KEY (`zone_id`);

--
-- AUTO_INCREMENT for dumped tables
--

--
-- AUTO_INCREMENT for table `central_level_data`
--
ALTER TABLE `lab_central_level_data`
MODIFY `central_level_stock_id` int(25) NOT NULL AUTO_INCREMENT,AUTO_INCREMENT=61;
--
-- AUTO_INCREMENT for table `commodity_forecast_data`
--
ALTER TABLE `lab_commodity_forecast_data`
MODIFY `commodity_forecast_data_id` int(25) NOT NULL AUTO_INCREMENT,AUTO_INCREMENT=10;
--
-- AUTO_INCREMENT for table `county_level_data`
--
ALTER TABLE `lab_county_level_data`
MODIFY `county_drugs_id` int(11) NOT NULL AUTO_INCREMENT,AUTO_INCREMENT=7037;
--
-- AUTO_INCREMENT for table `county_level_reporting_rates`
--
ALTER TABLE `lab_county_level_reporting_rates`
MODIFY `reporting_rate_id` int(11) NOT NULL AUTO_INCREMENT,AUTO_INCREMENT=1251;
--
-- AUTO_INCREMENT for table `current_stock`
--
ALTER TABLE `lab_current_stock`
MODIFY `current_stock_id` int(25) NOT NULL AUTO_INCREMENT,AUTO_INCREMENT=13;
--
-- AUTO_INCREMENT for table `facility_level_data`
--
ALTER TABLE `lab_facility_level_data`
MODIFY `central_drugs_id` int(11) NOT NULL AUTO_INCREMENT,AUTO_INCREMENT=299;
--
-- AUTO_INCREMENT for table `facility_level_reporting_rates`
--
ALTER TABLE `lab_facility_level_reporting_rates`
MODIFY `reporting_rate_id` int(11) NOT NULL AUTO_INCREMENT,AUTO_INCREMENT=46;
--
-- AUTO_INCREMENT for table `funding_agencies`
--
ALTER TABLE `funding_agencies`
MODIFY `funding_agency_id` int(25) NOT NULL AUTO_INCREMENT,AUTO_INCREMENT=14;
--
-- AUTO_INCREMENT for table `lab_mapping_drugs_category`
--
ALTER TABLE `lab_mapping_drugs_category`
MODIFY `mapping_drugs_category` int(11) NOT NULL AUTO_INCREMENT,AUTO_INCREMENT=97;
--
-- AUTO_INCREMENT for table `pending_shipment_details`
--
ALTER TABLE `lab_pending_shipment_details`
MODIFY `pending_shipment_id` int(25) NOT NULL AUTO_INCREMENT,AUTO_INCREMENT=23;
--
-- AUTO_INCREMENT for table `planned_procurement_details`
--
ALTER TABLE `lab_planned_procurement_details`
MODIFY `planned_procurement_id` int(11) NOT NULL AUTO_INCREMENT,AUTO_INCREMENT=5;
--
-- AUTO_INCREMENT for table `supply_chain_agencies`
--
ALTER TABLE `supply_chain_agencies`
MODIFY `supply_chain_agency_id` int(5) NOT NULL AUTO_INCREMENT,AUTO_INCREMENT=33;
--
-- AUTO_INCREMENT for table `user_table`
--
ALTER TABLE `user_table`
MODIFY `user_id` int(10) NOT NULL AUTO_INCREMENT,AUTO_INCREMENT=10;
--
-- AUTO_INCREMENT for table `zones`
--
ALTER TABLE `zones`
MODIFY `zone_id` int(11) NOT NULL AUTO_INCREMENT,AUTO_INCREMENT=5;
--
-- Constraints for dumped tables
--

--
-- Constraints for table `central_level_data`
--
ALTER TABLE `lab_central_level_data`
ADD CONSTRAINT `lab_central_level_data_ibfk_1` FOREIGN KEY (`funding_agency_id`) REFERENCES `funding_agencies` (`funding_agency_id`),
ADD CONSTRAINT `lab_central_level_data_ibfk_4` FOREIGN KEY (`commodity_id`) REFERENCES `lab_commodities` (`commodity_id`);

--
-- Constraints for table `pending_shipment_details`
--
ALTER TABLE `pending_shipment_details`
ADD CONSTRAINT `lab_pending_shipment_details_ibfk_1` FOREIGN KEY (`funding_agency_id`) REFERENCES `funding_agencies` (`funding_agency_id`),
ADD CONSTRAINT `lab_pending_shipment_details_ibfk_2` FOREIGN KEY (`commodity_id`) REFERENCES `lab__commodities` (`commodity_id`);

/*!40101 SET CHARACTER_SET_CLIENT=@OLD_CHARACTER_SET_CLIENT */;
/*!40101 SET CHARACTER_SET_RESULTS=@OLD_CHARACTER_SET_RESULTS */;
/*!40101 SET COLLATION_CONNECTION=@OLD_COLLATION_CONNECTION */;
